-- phpMyAdmin SQL Dump
-- version 4.9.0.1
-- https://www.phpmyadmin.net/
--
-- Host: sql103.epizy.com
-- Generation Time: May 24, 2021 at 04:05 AM
-- Server version: 5.6.48-88.0
-- PHP Version: 7.2.22

SET SQL_MODE = "NO_AUTO_VALUE_ON_ZERO";
SET AUTOCOMMIT = 0;
START TRANSACTION;
SET time_zone = "+00:00";


/*!40101 SET @OLD_CHARACTER_SET_CLIENT=@@CHARACTER_SET_CLIENT */;
/*!40101 SET @OLD_CHARACTER_SET_RESULTS=@@CHARACTER_SET_RESULTS */;
/*!40101 SET @OLD_COLLATION_CONNECTION=@@COLLATION_CONNECTION */;
/*!40101 SET NAMES utf8mb4 */;

--
-- Database: `epiz_25246623_btech`
--

-- --------------------------------------------------------

--
-- Table structure for table `branches`
--

CREATE TABLE `branches` (
  `id` bigint(20) UNSIGNED NOT NULL,
  `branch` enum('CSE','ECE','IT','MECH') COLLATE utf8mb4_unicode_ci NOT NULL,
  `created_at` timestamp NULL DEFAULT NULL,
  `updated_at` timestamp NULL DEFAULT NULL
) ENGINE=MyISAM DEFAULT CHARSET=utf8mb4 COLLATE=utf8mb4_unicode_ci;

--
-- Dumping data for table `branches`
--

INSERT INTO `branches` (`id`, `branch`, `created_at`, `updated_at`) VALUES
(1, 'CSE', NULL, NULL),
(2, 'ECE', NULL, NULL),
(4, 'IT', NULL, NULL),
(5, 'MECH', NULL, NULL);

-- --------------------------------------------------------

--
-- Table structure for table `failed_jobs`
--

CREATE TABLE `failed_jobs` (
  `id` bigint(20) UNSIGNED NOT NULL,
  `connection` text COLLATE utf8mb4_unicode_ci NOT NULL,
  `queue` text COLLATE utf8mb4_unicode_ci NOT NULL,
  `payload` longtext COLLATE utf8mb4_unicode_ci NOT NULL,
  `exception` longtext COLLATE utf8mb4_unicode_ci NOT NULL,
  `failed_at` timestamp NOT NULL DEFAULT CURRENT_TIMESTAMP
) ENGINE=MyISAM DEFAULT CHARSET=utf8mb4 COLLATE=utf8mb4_unicode_ci;

-- --------------------------------------------------------

--
-- Table structure for table `feedback`
--

CREATE TABLE `feedback` (
  `id` bigint(20) UNSIGNED NOT NULL,
  `message` varchar(255) COLLATE utf8mb4_unicode_ci DEFAULT NULL,
  `name` varchar(255) COLLATE utf8mb4_unicode_ci NOT NULL,
  `rating` int(11) NOT NULL,
  `created_at` timestamp NULL DEFAULT NULL,
  `updated_at` timestamp NULL DEFAULT NULL
) ENGINE=MyISAM DEFAULT CHARSET=utf8mb4 COLLATE=utf8mb4_unicode_ci;

--
-- Dumping data for table `feedback`
--

INSERT INTO `feedback` (`id`, `message`, `name`, `rating`, `created_at`, `updated_at`) VALUES
(1, NULL, 'omar', 5, '2020-05-03 05:31:13', '2020-05-03 05:31:13');

-- --------------------------------------------------------

--
-- Table structure for table `marks_data`
--

CREATE TABLE `marks_data` (
  `id` bigint(20) UNSIGNED NOT NULL,
  `user_id` bigint(20) UNSIGNED NOT NULL,
  `subject_id` bigint(20) UNSIGNED NOT NULL,
  `gradepoint` tinyint(1) NOT NULL,
  `created_at` timestamp NULL DEFAULT NULL,
  `updated_at` timestamp NULL DEFAULT NULL
) ENGINE=MyISAM DEFAULT CHARSET=utf8mb4 COLLATE=utf8mb4_unicode_ci;

--
-- Dumping data for table `marks_data`
--

INSERT INTO `marks_data` (`id`, `user_id`, `subject_id`, `gradepoint`, `created_at`, `updated_at`) VALUES
(1, 1, 3, 5, NULL, '2021-04-23 11:24:57'),
(2, 1, 4, 6, NULL, '2021-04-23 11:24:57'),
(3, 1, 5, 8, NULL, '2021-04-23 11:24:57'),
(4, 1, 6, 6, NULL, '2021-04-23 11:24:57'),
(5, 1, 7, 6, NULL, '2021-04-23 11:24:57'),
(6, 1, 8, 5, NULL, '2021-04-23 11:24:57'),
(7, 1, 9, 10, NULL, '2021-04-23 11:24:57'),
(8, 1, 10, 10, NULL, '2021-04-23 11:24:57'),
(9, 1, 11, 5, NULL, '2021-04-23 11:24:57'),
(10, 1, 12, 5, NULL, '2021-04-23 11:24:57'),
(11, 1, 13, 5, NULL, '2021-04-23 11:24:57'),
(12, 1, 14, 6, NULL, '2021-04-23 11:24:57'),
(13, 1, 15, 6, NULL, '2021-04-23 11:24:57'),
(14, 1, 16, 9, NULL, '2021-04-23 11:24:57'),
(15, 1, 17, 10, NULL, '2021-04-23 11:24:57'),
(16, 1, 18, 10, NULL, '2021-04-23 11:24:57'),
(17, 1, 19, 5, NULL, '2021-04-23 11:24:57'),
(18, 1, 20, 6, NULL, '2021-04-23 11:24:57'),
(19, 1, 21, 5, NULL, '2021-04-23 11:24:57'),
(20, 1, 22, 5, NULL, '2021-04-23 11:24:57'),
(21, 1, 23, 9, NULL, '2021-04-23 11:24:57'),
(22, 1, 24, 10, NULL, '2021-04-23 11:24:57'),
(23, 1, 25, 10, NULL, '2021-04-23 11:24:57'),
(24, 1, 26, 10, NULL, '2021-04-23 11:24:57'),
(25, 1, 27, 5, NULL, '2021-04-23 11:24:57'),
(26, 1, 28, 0, NULL, '2021-04-23 11:24:57'),
(27, 1, 29, 6, NULL, '2021-04-23 11:24:57'),
(28, 1, 30, 5, NULL, '2021-04-23 11:24:57'),
(29, 1, 31, 6, NULL, '2021-04-23 11:24:57'),
(30, 1, 32, 5, NULL, '2021-04-23 11:24:57'),
(31, 1, 33, 6, NULL, '2021-04-23 11:24:57'),
(32, 1, 34, 10, NULL, '2021-04-23 11:24:57'),
(33, 1, 35, 10, NULL, '2021-04-23 11:24:57'),
(34, 1, 36, 9, NULL, '2021-04-23 11:24:57'),
(35, 1, 37, 6, NULL, '2021-04-23 11:24:57'),
(36, 1, 38, 5, NULL, '2021-04-23 11:24:57'),
(37, 1, 39, 5, NULL, '2021-04-23 11:24:57'),
(38, 1, 40, 0, NULL, '2021-04-23 11:24:57'),
(39, 1, 41, 5, NULL, '2021-04-23 11:24:57'),
(40, 1, 42, 10, NULL, '2021-04-23 11:24:57'),
(41, 1, 43, 9, NULL, '2021-04-23 11:24:57'),
(42, 1, 44, 10, NULL, '2021-04-23 11:24:57'),
(43, 1, 45, 10, NULL, '2021-04-23 11:24:57'),
(44, 1, 46, 6, NULL, '2021-04-23 11:24:57'),
(45, 1, 47, 7, NULL, '2021-04-23 11:24:57'),
(46, 1, 48, 5, NULL, '2021-04-23 11:24:57'),
(47, 1, 49, 0, NULL, '2021-04-23 11:24:57'),
(48, 1, 50, 7, NULL, '2021-04-23 11:24:57'),
(49, 1, 51, 10, NULL, '2021-04-23 11:24:57'),
(50, 1, 52, 10, NULL, '2021-04-23 11:24:57'),
(51, 1, 53, 10, NULL, '2021-04-23 11:24:57'),
(52, 1, 54, 6, NULL, '2021-04-23 11:24:57'),
(53, 1, 55, 5, NULL, '2021-04-23 11:24:57'),
(54, 1, 56, 6, NULL, '2021-04-23 11:24:57'),
(55, 1, 57, 6, NULL, '2021-04-23 11:24:57'),
(56, 1, 58, 7, NULL, '2021-04-23 11:24:57'),
(57, 1, 59, 10, NULL, '2021-04-23 11:24:57'),
(58, 1, 60, 10, NULL, '2021-04-23 11:24:57'),
(59, 1, 61, 10, NULL, '2021-04-23 11:24:57'),
(60, 1, 62, 10, NULL, '2021-04-23 11:24:57'),
(61, 1, 63, 8, NULL, '2021-04-23 11:24:57'),
(62, 1, 64, 8, NULL, '2021-04-23 11:24:57'),
(63, 1, 65, 8, NULL, '2021-04-23 11:24:57'),
(64, 1, 66, 9, NULL, '2021-04-23 11:24:57'),
(65, 2, 3, 10, NULL, '2020-08-08 11:59:43'),
(66, 2, 4, 10, NULL, '2020-08-08 11:59:43'),
(67, 2, 5, 10, NULL, '2020-08-08 11:59:43'),
(68, 2, 6, 10, NULL, '2020-08-08 11:59:43'),
(69, 2, 7, 10, NULL, '2020-08-08 11:59:43'),
(70, 2, 8, 10, NULL, '2020-08-08 11:59:43'),
(71, 2, 9, 10, NULL, '2020-08-08 11:59:43'),
(72, 2, 10, 10, NULL, '2020-08-08 11:59:43'),
(73, 2, 11, 10, NULL, '2020-08-08 11:59:43'),
(74, 2, 12, 10, NULL, '2020-08-08 11:59:43'),
(75, 2, 13, 10, NULL, '2020-08-08 11:59:43'),
(76, 2, 14, 10, NULL, '2020-08-08 11:59:43'),
(77, 2, 15, 10, NULL, '2020-08-08 11:59:43'),
(78, 2, 16, 10, NULL, '2020-08-08 11:59:43'),
(79, 2, 17, 10, NULL, '2020-08-08 11:59:43'),
(80, 2, 18, 10, NULL, '2020-08-08 11:59:43'),
(81, 2, 19, 10, NULL, '2020-08-08 11:59:43'),
(82, 2, 20, 10, NULL, '2020-08-08 11:59:43'),
(83, 2, 21, 10, NULL, '2020-08-08 11:59:43'),
(84, 2, 22, 10, NULL, '2020-08-08 11:59:43'),
(85, 2, 23, 10, NULL, '2020-08-08 11:59:43'),
(86, 2, 24, 10, NULL, '2020-08-08 11:59:43'),
(87, 2, 25, 10, NULL, '2020-08-08 11:59:43'),
(88, 2, 26, 10, NULL, '2020-08-08 11:59:43'),
(89, 2, 27, 10, NULL, '2020-08-08 11:59:43'),
(90, 2, 28, 10, NULL, '2020-08-08 11:59:43'),
(91, 2, 29, 10, NULL, '2020-08-08 11:59:43'),
(92, 2, 30, 10, NULL, '2020-08-08 11:59:43'),
(93, 2, 31, 10, NULL, '2020-08-08 11:59:43'),
(94, 2, 32, 10, NULL, '2020-08-08 11:59:43'),
(95, 2, 33, 10, NULL, '2020-08-08 11:59:43'),
(96, 2, 34, 10, NULL, '2020-08-08 11:59:43'),
(97, 2, 35, 10, NULL, '2020-08-08 11:59:43'),
(98, 2, 36, 10, NULL, '2020-08-08 11:59:43'),
(99, 2, 37, 10, NULL, '2020-08-08 11:59:43'),
(100, 2, 38, 10, NULL, '2020-08-08 11:59:43'),
(101, 2, 39, 10, NULL, '2020-08-08 11:59:43'),
(102, 2, 40, 10, NULL, '2020-08-08 11:59:43'),
(103, 2, 41, 10, NULL, '2020-08-08 11:59:43'),
(104, 2, 42, 10, NULL, '2020-08-08 11:59:43'),
(105, 2, 43, 10, NULL, '2020-08-08 11:59:43'),
(106, 2, 44, 10, NULL, '2020-08-08 11:59:43'),
(107, 2, 45, 10, NULL, '2020-08-08 11:59:43'),
(108, 2, 46, 10, NULL, '2020-08-08 11:59:43'),
(109, 2, 47, 10, NULL, '2020-08-08 11:59:43'),
(110, 2, 48, 10, NULL, '2020-08-08 11:59:43'),
(111, 2, 49, 10, NULL, '2020-08-08 11:59:43'),
(112, 2, 50, 10, NULL, '2020-08-08 11:59:43'),
(113, 2, 51, 10, NULL, '2020-08-08 11:59:43'),
(114, 2, 52, 10, NULL, '2020-08-08 11:59:43'),
(115, 2, 53, 10, NULL, '2020-08-08 11:59:43'),
(116, 2, 54, 10, NULL, '2020-08-08 11:59:43'),
(117, 2, 55, 10, NULL, '2020-08-08 11:59:43'),
(118, 2, 56, 10, NULL, '2020-08-08 11:59:43'),
(119, 2, 57, 10, NULL, '2020-08-08 11:59:43'),
(120, 2, 58, 10, NULL, '2020-08-08 11:59:43'),
(121, 2, 59, 10, NULL, '2020-08-08 11:59:43'),
(122, 2, 60, 10, NULL, '2020-08-08 11:59:43'),
(123, 2, 61, 10, NULL, '2020-08-08 11:59:43'),
(124, 2, 62, 10, NULL, '2020-08-08 11:59:43'),
(125, 2, 63, 0, NULL, '2020-08-08 11:59:43'),
(126, 2, 64, 10, NULL, '2020-08-08 11:59:43'),
(127, 2, 65, 0, NULL, '2020-08-08 11:59:43'),
(128, 2, 66, 10, NULL, '2020-08-08 11:59:43'),
(129, 5, 3, 7, NULL, NULL),
(130, 5, 4, 10, NULL, NULL),
(131, 5, 5, 7, NULL, NULL),
(132, 5, 6, 8, NULL, NULL),
(133, 5, 7, 6, NULL, NULL),
(134, 5, 8, 7, NULL, NULL),
(135, 5, 9, 9, NULL, NULL),
(136, 5, 10, 10, NULL, NULL),
(137, 5, 11, 5, NULL, NULL),
(138, 5, 12, 7, NULL, NULL),
(139, 5, 13, 6, NULL, NULL),
(140, 5, 14, 6, NULL, NULL),
(141, 5, 15, 8, NULL, NULL),
(142, 5, 16, 10, NULL, NULL),
(143, 5, 17, 10, NULL, NULL),
(144, 5, 18, 9, NULL, NULL),
(145, 5, 19, 5, NULL, NULL),
(146, 5, 20, 7, NULL, NULL),
(147, 5, 21, 6, NULL, NULL),
(148, 5, 22, 5, NULL, NULL),
(149, 5, 23, 6, NULL, NULL),
(150, 5, 24, 10, NULL, NULL),
(151, 5, 25, 10, NULL, NULL),
(152, 5, 26, 10, NULL, NULL),
(153, 5, 27, 9, NULL, NULL),
(154, 5, 28, 6, NULL, NULL),
(155, 5, 29, 10, NULL, NULL),
(156, 5, 30, 6, NULL, NULL),
(157, 5, 31, 7, NULL, NULL),
(158, 5, 32, 7, NULL, NULL),
(159, 5, 33, 9, NULL, NULL),
(160, 5, 34, 10, NULL, NULL),
(161, 5, 35, 10, NULL, NULL),
(162, 5, 36, 10, NULL, NULL),
(163, 5, 37, 7, NULL, NULL),
(164, 5, 38, 6, NULL, NULL),
(165, 5, 39, 8, NULL, NULL),
(166, 5, 40, 6, NULL, NULL),
(167, 5, 41, 8, NULL, NULL),
(168, 5, 42, 9, NULL, NULL),
(169, 5, 43, 10, NULL, NULL),
(170, 5, 44, 9, NULL, NULL),
(171, 5, 45, 10, NULL, NULL),
(172, 5, 46, 10, NULL, NULL),
(173, 5, 47, 10, NULL, NULL),
(174, 5, 48, 10, NULL, NULL),
(175, 5, 49, 10, NULL, NULL),
(176, 5, 50, 10, NULL, NULL),
(177, 5, 51, 10, NULL, NULL),
(178, 5, 52, 10, NULL, NULL),
(179, 5, 53, 10, NULL, NULL),
(180, 5, 54, 10, NULL, NULL),
(181, 5, 55, 10, NULL, NULL),
(182, 5, 56, 10, NULL, NULL),
(183, 5, 57, 10, NULL, NULL),
(184, 5, 58, 10, NULL, NULL),
(185, 5, 59, 10, NULL, NULL),
(186, 5, 60, 10, NULL, NULL),
(187, 5, 61, 10, NULL, NULL),
(188, 5, 62, 10, NULL, NULL),
(189, 5, 63, 10, NULL, NULL),
(190, 5, 64, 10, NULL, NULL),
(191, 5, 65, 10, NULL, NULL),
(192, 5, 66, 10, NULL, NULL),
(193, 7, 3, 9, NULL, NULL),
(194, 7, 4, 7, NULL, NULL),
(195, 7, 5, 9, NULL, NULL),
(196, 7, 6, 8, NULL, NULL),
(197, 7, 7, 6, NULL, NULL),
(198, 7, 8, 6, NULL, NULL),
(199, 7, 9, 10, NULL, NULL),
(200, 7, 10, 9, NULL, NULL),
(201, 7, 11, 5, NULL, NULL),
(202, 7, 12, 8, NULL, NULL),
(203, 7, 13, 9, NULL, NULL),
(204, 7, 14, 6, NULL, NULL),
(205, 7, 15, 6, NULL, NULL),
(206, 7, 16, 9, NULL, NULL),
(207, 7, 17, 10, NULL, NULL),
(208, 7, 18, 9, NULL, NULL),
(209, 7, 19, 8, NULL, NULL),
(210, 7, 20, 9, NULL, NULL),
(211, 7, 21, 5, NULL, NULL),
(212, 7, 22, 7, NULL, NULL),
(213, 7, 23, 6, NULL, NULL),
(214, 7, 24, 10, NULL, NULL),
(215, 7, 25, 10, NULL, NULL),
(216, 7, 26, 10, NULL, NULL),
(217, 7, 27, 5, NULL, NULL),
(218, 7, 28, 6, NULL, NULL),
(219, 7, 29, 6, NULL, NULL),
(220, 7, 30, 8, NULL, NULL),
(221, 7, 31, 7, NULL, NULL),
(222, 7, 32, 7, NULL, NULL),
(223, 7, 33, 9, NULL, NULL),
(224, 7, 34, 10, NULL, NULL),
(225, 7, 35, 10, NULL, NULL),
(226, 7, 36, 9, NULL, NULL),
(227, 7, 37, 7, NULL, NULL),
(228, 7, 38, 6, NULL, NULL),
(229, 7, 39, 6, NULL, NULL),
(230, 7, 40, 6, NULL, NULL),
(231, 7, 41, 8, NULL, NULL),
(232, 7, 42, 10, NULL, NULL),
(233, 7, 43, 10, NULL, NULL),
(234, 7, 44, 9, NULL, NULL),
(235, 7, 45, 10, NULL, NULL),
(236, 7, 46, 10, NULL, NULL),
(237, 7, 47, 10, NULL, NULL),
(238, 7, 48, 10, NULL, NULL),
(239, 7, 49, 10, NULL, NULL),
(240, 7, 50, 10, NULL, NULL),
(241, 7, 51, 10, NULL, NULL),
(242, 7, 52, 10, NULL, NULL),
(243, 7, 53, 10, NULL, NULL),
(244, 7, 54, 10, NULL, NULL),
(245, 7, 55, 10, NULL, NULL),
(246, 7, 56, 10, NULL, NULL),
(247, 7, 57, 10, NULL, NULL),
(248, 7, 58, 10, NULL, NULL),
(249, 7, 59, 10, NULL, NULL),
(250, 7, 60, 10, NULL, NULL),
(251, 7, 61, 10, NULL, NULL),
(252, 7, 62, 10, NULL, NULL),
(253, 7, 63, 10, NULL, NULL),
(254, 7, 64, 10, NULL, NULL),
(255, 7, 65, 10, NULL, NULL),
(256, 7, 66, 10, NULL, NULL),
(257, 8, 3, 8, NULL, '2020-07-27 16:47:13'),
(258, 8, 4, 6, NULL, '2020-07-27 16:47:13'),
(259, 8, 5, 7, NULL, '2020-07-27 16:47:13'),
(260, 8, 6, 7, NULL, '2020-07-27 16:47:13'),
(261, 8, 7, 7, NULL, '2020-07-27 16:47:13'),
(262, 8, 8, 6, NULL, '2020-07-27 16:47:13'),
(263, 8, 9, 8, NULL, '2020-07-27 16:47:13'),
(264, 8, 10, 9, NULL, '2020-07-27 16:47:13'),
(265, 8, 11, 5, NULL, '2020-07-27 16:47:13'),
(266, 8, 12, 7, NULL, '2020-07-27 16:47:13'),
(267, 8, 13, 7, NULL, '2020-07-27 16:47:13'),
(268, 8, 14, 7, NULL, '2020-07-27 16:47:13'),
(269, 8, 15, 6, NULL, '2020-07-27 16:47:13'),
(270, 8, 16, 8, NULL, '2020-07-27 16:47:13'),
(271, 8, 17, 10, NULL, '2020-07-27 16:47:13'),
(272, 8, 18, 9, NULL, '2020-07-27 16:47:13'),
(273, 8, 19, 5, NULL, '2020-07-27 16:47:13'),
(274, 8, 20, 7, NULL, '2020-07-27 16:47:13'),
(275, 8, 21, 5, NULL, '2020-07-27 16:47:13'),
(276, 8, 22, 5, NULL, '2020-07-27 16:47:13'),
(277, 8, 23, 6, NULL, '2020-07-27 16:47:13'),
(278, 8, 24, 9, NULL, '2020-07-27 16:47:13'),
(279, 8, 25, 9, NULL, '2020-07-27 16:47:13'),
(280, 8, 26, 9, NULL, '2020-07-27 16:47:13'),
(281, 8, 27, 7, NULL, '2020-07-27 16:47:13'),
(282, 8, 28, 5, NULL, '2020-07-27 16:47:13'),
(283, 8, 29, 5, NULL, '2020-07-27 16:47:13'),
(284, 8, 30, 5, NULL, '2020-07-27 16:47:13'),
(285, 8, 31, 7, NULL, '2020-07-27 16:47:13'),
(286, 8, 32, 6, NULL, '2020-07-27 16:47:13'),
(287, 8, 33, 6, NULL, '2020-07-27 16:47:13'),
(288, 8, 34, 10, NULL, '2020-07-27 16:47:13'),
(289, 8, 35, 10, NULL, '2020-07-27 16:47:13'),
(290, 8, 36, 10, NULL, '2020-07-27 16:47:13'),
(291, 8, 37, 6, NULL, '2020-07-27 16:47:13'),
(292, 8, 38, 5, NULL, '2020-07-27 16:47:13'),
(293, 8, 39, 6, NULL, '2020-07-27 16:47:13'),
(294, 8, 40, 5, NULL, '2020-07-27 16:47:13'),
(295, 8, 41, 5, NULL, '2020-07-27 16:47:13'),
(296, 8, 42, 10, NULL, '2020-07-27 16:47:13'),
(297, 8, 43, 9, NULL, '2020-07-27 16:47:13'),
(298, 8, 44, 10, NULL, '2020-07-27 16:47:13'),
(299, 8, 45, 10, NULL, '2020-07-27 16:47:13'),
(300, 8, 46, 10, NULL, '2020-07-27 16:47:13'),
(301, 8, 47, 10, NULL, '2020-07-27 16:47:13'),
(302, 8, 48, 10, NULL, '2020-07-27 16:47:13'),
(303, 8, 49, 10, NULL, '2020-07-27 16:47:13'),
(304, 8, 50, 10, NULL, '2020-07-27 16:47:13'),
(305, 8, 51, 10, NULL, '2020-07-27 16:47:13'),
(306, 8, 52, 10, NULL, '2020-07-27 16:47:13'),
(307, 8, 53, 10, NULL, '2020-07-27 16:47:13'),
(308, 8, 54, 10, NULL, '2020-07-27 16:47:13'),
(309, 8, 55, 10, NULL, '2020-07-27 16:47:13'),
(310, 8, 56, 10, NULL, '2020-07-27 16:47:13'),
(311, 8, 57, 10, NULL, '2020-07-27 16:47:13'),
(312, 8, 58, 10, NULL, '2020-07-27 16:47:13'),
(313, 8, 59, 10, NULL, '2020-07-27 16:47:13'),
(314, 8, 60, 10, NULL, '2020-07-27 16:47:13'),
(315, 8, 61, 10, NULL, '2020-07-27 16:47:13'),
(316, 8, 62, 10, NULL, '2020-07-27 16:47:13'),
(317, 8, 63, 10, NULL, '2020-07-27 16:47:13'),
(318, 8, 64, 10, NULL, '2020-07-27 16:47:13'),
(319, 8, 65, 10, NULL, '2020-07-27 16:47:13'),
(320, 8, 66, 10, NULL, '2020-07-27 16:47:13'),
(321, 9, 3, 5, NULL, '2021-05-07 12:16:37'),
(322, 9, 4, 5, NULL, '2021-05-07 12:16:37'),
(323, 9, 5, 6, NULL, '2021-05-07 12:16:37'),
(324, 9, 6, 7, NULL, '2021-05-07 12:16:37'),
(325, 9, 7, 5, NULL, '2021-05-07 12:16:37'),
(326, 9, 8, 5, NULL, '2021-05-07 12:16:37'),
(327, 9, 9, 10, NULL, '2021-05-07 12:16:37'),
(328, 9, 10, 9, NULL, '2021-05-07 12:16:37'),
(329, 9, 11, 5, NULL, '2021-05-07 12:16:37'),
(330, 9, 12, 5, NULL, '2021-05-07 12:16:37'),
(331, 9, 13, 0, NULL, '2021-05-07 12:16:37'),
(332, 9, 14, 5, NULL, '2021-05-07 12:16:37'),
(333, 9, 15, 5, NULL, '2021-05-07 12:16:37'),
(334, 9, 16, 8, NULL, '2021-05-07 12:16:37'),
(335, 9, 17, 8, NULL, '2021-05-07 12:16:37'),
(336, 9, 18, 10, NULL, '2021-05-07 12:16:37'),
(337, 9, 19, 5, NULL, '2021-05-07 12:16:37'),
(338, 9, 20, 5, NULL, '2021-05-07 12:16:37'),
(339, 9, 21, 6, NULL, '2021-05-07 12:16:37'),
(340, 9, 22, 5, NULL, '2021-05-07 12:16:37'),
(341, 9, 23, 0, NULL, '2021-05-07 12:16:37'),
(342, 9, 24, 9, NULL, '2021-05-07 12:16:37'),
(343, 9, 25, 10, NULL, '2021-05-07 12:16:37'),
(344, 9, 26, 6, NULL, '2021-05-07 12:16:37'),
(345, 9, 27, 8, NULL, '2021-05-07 12:16:37'),
(346, 9, 28, 5, NULL, '2021-05-07 12:16:37'),
(347, 9, 29, 6, NULL, '2021-05-07 12:16:37'),
(348, 9, 30, 5, NULL, '2021-05-07 12:16:37'),
(349, 9, 31, 6, NULL, '2021-05-07 12:16:37'),
(350, 9, 32, 5, NULL, '2021-05-07 12:16:37'),
(351, 9, 33, 5, NULL, '2021-05-07 12:16:37'),
(352, 9, 34, 10, NULL, '2021-05-07 12:16:37'),
(353, 9, 35, 10, NULL, '2021-05-07 12:16:37'),
(354, 9, 36, 10, NULL, '2021-05-07 12:16:37'),
(355, 9, 37, 5, NULL, '2021-05-07 12:16:37'),
(356, 9, 38, 6, NULL, '2021-05-07 12:16:37'),
(357, 9, 39, 6, NULL, '2021-05-07 12:16:37'),
(358, 9, 40, 0, NULL, '2021-05-07 12:16:37'),
(359, 9, 41, 6, NULL, '2021-05-07 12:16:37'),
(360, 9, 42, 10, NULL, '2021-05-07 12:16:37'),
(361, 9, 43, 9, NULL, '2021-05-07 12:16:37'),
(362, 9, 44, 8, NULL, '2021-05-07 12:16:37'),
(363, 9, 45, 10, NULL, '2021-05-07 12:16:37'),
(364, 9, 46, 0, NULL, '2021-05-07 12:16:37'),
(365, 9, 47, 0, NULL, '2021-05-07 12:16:37'),
(366, 9, 48, 6, NULL, '2021-05-07 12:16:37'),
(367, 9, 49, 5, NULL, '2021-05-07 12:16:37'),
(368, 9, 50, 7, NULL, '2021-05-07 12:16:37'),
(369, 9, 51, 10, NULL, '2021-05-07 12:16:37'),
(370, 9, 52, 10, NULL, '2021-05-07 12:16:37'),
(371, 9, 53, 10, NULL, '2021-05-07 12:16:37'),
(372, 9, 54, 10, NULL, '2021-05-07 12:16:37'),
(373, 9, 55, 10, NULL, '2021-05-07 12:16:37'),
(374, 9, 56, 10, NULL, '2021-05-07 12:16:37'),
(375, 9, 57, 10, NULL, '2021-05-07 12:16:38'),
(376, 9, 58, 10, NULL, '2021-05-07 12:16:38'),
(377, 9, 59, 10, NULL, '2021-05-07 12:16:38'),
(378, 9, 60, 10, NULL, '2021-05-07 12:16:38'),
(379, 9, 61, 10, NULL, '2021-05-07 12:16:38'),
(380, 9, 62, 10, NULL, '2021-05-07 12:16:38'),
(381, 9, 63, 10, NULL, '2021-05-07 12:16:38'),
(382, 9, 64, 10, NULL, '2021-05-07 12:16:38'),
(383, 9, 65, 10, NULL, '2021-05-07 12:16:38'),
(384, 9, 66, 10, NULL, '2021-05-07 12:16:38'),
(385, 11, 3, 0, NULL, '2021-01-25 23:27:49'),
(386, 11, 4, 7, NULL, '2021-01-25 23:27:49'),
(387, 11, 5, 5, NULL, '2021-01-25 23:27:49'),
(388, 11, 6, 7, NULL, '2021-01-25 23:27:49'),
(389, 11, 7, 5, NULL, '2021-01-25 23:27:49'),
(390, 11, 8, 5, NULL, '2021-01-25 23:27:49'),
(391, 11, 9, 10, NULL, '2021-01-25 23:27:49'),
(392, 11, 10, 9, NULL, '2021-01-25 23:27:49'),
(393, 11, 11, 6, NULL, '2021-01-25 23:27:49'),
(394, 11, 12, 5, NULL, '2021-01-25 23:27:49'),
(395, 11, 13, 5, NULL, '2021-01-25 23:27:49'),
(396, 11, 14, 5, NULL, '2021-01-25 23:27:49'),
(397, 11, 15, 5, NULL, '2021-01-25 23:27:49'),
(398, 11, 16, 10, NULL, '2021-01-25 23:27:49'),
(399, 11, 17, 10, NULL, '2021-01-25 23:27:49'),
(400, 11, 18, 8, NULL, '2021-01-25 23:27:49'),
(401, 11, 19, 0, NULL, '2021-01-25 23:27:49'),
(402, 11, 20, 5, NULL, '2021-01-25 23:27:49'),
(403, 11, 21, 5, NULL, '2021-01-25 23:27:49'),
(404, 11, 22, 5, NULL, '2021-01-25 23:27:49'),
(405, 11, 23, 5, NULL, '2021-01-25 23:27:49'),
(406, 11, 24, 9, NULL, '2021-01-25 23:27:49'),
(407, 11, 25, 10, NULL, '2021-01-25 23:27:49'),
(408, 11, 26, 9, NULL, '2021-01-25 23:27:49'),
(409, 11, 27, 5, NULL, '2021-01-25 23:27:49'),
(410, 11, 28, 5, NULL, '2021-01-25 23:27:49'),
(411, 11, 29, 8, NULL, '2021-01-25 23:27:49'),
(412, 11, 30, 5, NULL, '2021-01-25 23:27:49'),
(413, 11, 31, 5, NULL, '2021-01-25 23:27:49'),
(414, 11, 32, 5, NULL, '2021-01-25 23:27:49'),
(415, 11, 33, 7, NULL, '2021-01-25 23:27:49'),
(416, 11, 34, 10, NULL, '2021-01-25 23:27:49'),
(417, 11, 35, 10, NULL, '2021-01-25 23:27:49'),
(418, 11, 36, 9, NULL, '2021-01-25 23:27:49'),
(419, 11, 37, 6, NULL, '2021-01-25 23:27:49'),
(420, 11, 38, 6, NULL, '2021-01-25 23:27:49'),
(421, 11, 39, 6, NULL, '2021-01-25 23:27:49'),
(422, 11, 40, 6, NULL, '2021-01-25 23:27:49'),
(423, 11, 41, 6, NULL, '2021-01-25 23:27:49'),
(424, 11, 42, 9, NULL, '2021-01-25 23:27:49'),
(425, 11, 43, 9, NULL, '2021-01-25 23:27:49'),
(426, 11, 44, 10, NULL, '2021-01-25 23:27:49'),
(427, 11, 45, 10, NULL, '2021-01-25 23:27:49'),
(428, 11, 46, 6, NULL, '2021-01-25 23:27:49'),
(429, 11, 47, 6, NULL, '2021-01-25 23:27:49'),
(430, 11, 48, 5, NULL, '2021-01-25 23:27:49'),
(431, 11, 49, 6, NULL, '2021-01-25 23:27:49'),
(432, 11, 50, 6, NULL, '2021-01-25 23:27:49'),
(433, 11, 51, 10, NULL, '2021-01-25 23:27:49'),
(434, 11, 52, 10, NULL, '2021-01-25 23:27:49'),
(435, 11, 53, 10, NULL, '2021-01-25 23:27:49'),
(436, 11, 54, 10, NULL, '2021-01-25 23:27:49'),
(437, 11, 55, 10, NULL, '2021-01-25 23:27:49'),
(438, 11, 56, 10, NULL, '2021-01-25 23:27:49'),
(439, 11, 57, 10, NULL, '2021-01-25 23:27:49'),
(440, 11, 58, 10, NULL, '2021-01-25 23:27:49'),
(441, 11, 59, 10, NULL, '2021-01-25 23:27:49'),
(442, 11, 60, 10, NULL, '2021-01-25 23:27:49'),
(443, 11, 61, 10, NULL, '2021-01-25 23:27:49'),
(444, 11, 62, 10, NULL, '2021-01-25 23:27:49'),
(445, 11, 63, 10, NULL, '2021-01-25 23:27:49'),
(446, 11, 64, 10, NULL, '2021-01-25 23:27:49'),
(447, 11, 65, 10, NULL, '2021-01-25 23:27:49'),
(448, 11, 66, 10, NULL, '2021-01-25 23:27:49'),
(449, 6, 3, 6, NULL, '2020-08-06 22:53:23'),
(450, 6, 4, 5, NULL, '2020-08-06 22:53:23'),
(451, 6, 5, 5, NULL, '2020-08-06 22:53:23'),
(452, 6, 6, 7, NULL, '2020-08-06 22:53:23'),
(453, 6, 7, 5, NULL, '2020-08-06 22:53:23'),
(454, 6, 8, 5, NULL, '2020-08-06 22:53:23'),
(455, 6, 9, 9, NULL, '2020-08-06 22:53:23'),
(456, 6, 10, 10, NULL, '2020-08-06 22:53:23'),
(457, 6, 11, 5, NULL, '2020-08-06 22:53:23'),
(458, 6, 12, 5, NULL, '2020-08-06 22:53:23'),
(459, 6, 13, 5, NULL, '2020-08-06 22:53:23'),
(460, 6, 14, 5, NULL, '2020-08-06 22:53:23'),
(461, 6, 15, 6, NULL, '2020-08-06 22:53:23'),
(462, 6, 16, 8, NULL, '2020-08-06 22:53:23'),
(463, 6, 17, 9, NULL, '2020-08-06 22:53:23'),
(464, 6, 18, 9, NULL, '2020-08-06 22:53:23'),
(465, 6, 19, 5, NULL, '2020-08-06 22:53:23'),
(466, 6, 20, 8, NULL, '2020-08-06 22:53:23'),
(467, 6, 21, 5, NULL, '2020-08-06 22:53:23'),
(468, 6, 22, 5, NULL, '2020-08-06 22:53:23'),
(469, 6, 23, 6, NULL, '2020-08-06 22:53:23'),
(470, 6, 24, 10, NULL, '2020-08-06 22:53:23'),
(471, 6, 25, 10, NULL, '2020-08-06 22:53:23'),
(472, 6, 26, 10, NULL, '2020-08-06 22:53:23'),
(473, 6, 27, 5, NULL, '2020-08-06 22:53:23'),
(474, 6, 28, 5, NULL, '2020-08-06 22:53:23'),
(475, 6, 29, 7, NULL, '2020-08-06 22:53:23'),
(476, 6, 30, 5, NULL, '2020-08-06 22:53:23'),
(477, 6, 31, 6, NULL, '2020-08-06 22:53:23'),
(478, 6, 32, 7, NULL, '2020-08-06 22:53:23'),
(479, 6, 33, 10, NULL, '2020-08-06 22:53:23'),
(480, 6, 34, 10, NULL, '2020-08-06 22:53:23'),
(481, 6, 35, 10, NULL, '2020-08-06 22:53:23'),
(482, 6, 36, 10, NULL, '2020-08-06 22:53:23'),
(483, 6, 37, 7, NULL, '2020-08-06 22:53:23'),
(484, 6, 38, 6, NULL, '2020-08-06 22:53:23'),
(485, 6, 39, 6, NULL, '2020-08-06 22:53:23'),
(486, 6, 40, 5, NULL, '2020-08-06 22:53:23'),
(487, 6, 41, 7, NULL, '2020-08-06 22:53:23'),
(488, 6, 42, 10, NULL, '2020-08-06 22:53:23'),
(489, 6, 43, 10, NULL, '2020-08-06 22:53:23'),
(490, 6, 44, 10, NULL, '2020-08-06 22:53:23'),
(491, 6, 45, 10, NULL, '2020-08-06 22:53:23'),
(492, 6, 46, 10, NULL, '2020-08-06 22:53:23'),
(493, 6, 47, 10, NULL, '2020-08-06 22:53:23'),
(494, 6, 48, 10, NULL, '2020-08-06 22:53:23'),
(495, 6, 49, 10, NULL, '2020-08-06 22:53:23'),
(496, 6, 50, 10, NULL, '2020-08-06 22:53:23'),
(497, 6, 51, 10, NULL, '2020-08-06 22:53:23'),
(498, 6, 52, 10, NULL, '2020-08-06 22:53:23'),
(499, 6, 53, 10, NULL, '2020-08-06 22:53:23'),
(500, 6, 54, 10, NULL, '2020-08-06 22:53:23'),
(501, 6, 55, 10, NULL, '2020-08-06 22:53:23'),
(502, 6, 56, 10, NULL, '2020-08-06 22:53:23'),
(503, 6, 57, 10, NULL, '2020-08-06 22:53:23'),
(504, 6, 58, 10, NULL, '2020-08-06 22:53:23'),
(505, 6, 59, 10, NULL, '2020-08-06 22:53:23'),
(506, 6, 60, 10, NULL, '2020-08-06 22:53:23'),
(507, 6, 61, 10, NULL, '2020-08-06 22:53:23'),
(508, 6, 62, 10, NULL, '2020-08-06 22:53:23'),
(509, 6, 63, 10, NULL, '2020-08-06 22:53:23'),
(510, 6, 64, 10, NULL, '2020-08-06 22:53:23'),
(511, 6, 65, 10, NULL, '2020-08-06 22:53:23'),
(512, 6, 66, 10, NULL, '2020-08-06 22:53:23'),
(513, 15, 3, 10, NULL, '2020-11-02 06:42:04'),
(514, 15, 4, 10, NULL, '2020-11-02 06:42:04'),
(515, 15, 5, 10, NULL, '2020-11-02 06:42:04'),
(516, 15, 6, 10, NULL, '2020-11-02 06:42:04'),
(517, 15, 7, 10, NULL, '2020-11-02 06:42:04'),
(518, 15, 8, 10, NULL, '2020-11-02 06:42:04'),
(519, 15, 9, 10, NULL, '2020-11-02 06:42:04'),
(520, 15, 10, 10, NULL, '2020-11-02 06:42:04'),
(521, 15, 11, 10, NULL, '2020-11-02 06:42:04'),
(522, 15, 12, 10, NULL, '2020-11-02 06:42:04'),
(523, 15, 13, 10, NULL, '2020-11-02 06:42:04'),
(524, 15, 14, 10, NULL, '2020-11-02 06:42:04'),
(525, 15, 15, 10, NULL, '2020-11-02 06:42:04'),
(526, 15, 16, 10, NULL, '2020-11-02 06:42:04'),
(527, 15, 17, 10, NULL, '2020-11-02 06:42:04'),
(528, 15, 18, 10, NULL, '2020-11-02 06:42:04'),
(529, 15, 19, 5, NULL, '2020-11-02 06:42:04'),
(530, 15, 20, 5, NULL, '2020-11-02 06:42:04'),
(531, 15, 21, 5, NULL, '2020-11-02 06:42:04'),
(532, 15, 22, 5, NULL, '2020-11-02 06:42:04'),
(533, 15, 23, 5, NULL, '2020-11-02 06:42:04'),
(534, 15, 24, 8, NULL, '2020-11-02 06:42:04'),
(535, 15, 25, 9, NULL, '2020-11-02 06:42:04'),
(536, 15, 26, 5, NULL, '2020-11-02 06:42:04'),
(537, 15, 27, 7, NULL, '2020-11-02 06:42:04'),
(538, 15, 28, 10, NULL, '2020-11-02 06:42:04'),
(539, 15, 29, 5, NULL, '2020-11-02 06:42:04'),
(540, 15, 30, 5, NULL, '2020-11-02 06:42:04'),
(541, 15, 31, 5, NULL, '2020-11-02 06:42:04'),
(542, 15, 32, 6, NULL, '2020-11-02 06:42:04'),
(543, 15, 33, 9, NULL, '2020-11-02 06:42:04'),
(544, 15, 34, 10, NULL, '2020-11-02 06:42:04'),
(545, 15, 35, 8, NULL, '2020-11-02 06:42:04'),
(546, 15, 36, 9, NULL, '2020-11-02 06:42:04'),
(547, 15, 37, 5, NULL, '2020-11-02 06:42:04'),
(548, 15, 38, 5, NULL, '2020-11-02 06:42:04'),
(549, 15, 39, 7, NULL, '2020-11-02 06:42:04'),
(550, 15, 40, 6, NULL, '2020-11-02 06:42:04'),
(551, 15, 41, 5, NULL, '2020-11-02 06:42:04'),
(552, 15, 42, 8, NULL, '2020-11-02 06:42:04'),
(553, 15, 43, 9, NULL, '2020-11-02 06:42:04'),
(554, 15, 44, 9, NULL, '2020-11-02 06:42:04'),
(555, 15, 45, 10, NULL, '2020-11-02 06:42:04'),
(556, 15, 46, 7, NULL, '2020-11-02 06:42:04'),
(557, 15, 47, 5, NULL, '2020-11-02 06:42:04'),
(558, 15, 48, 5, NULL, '2020-11-02 06:42:04'),
(559, 15, 49, 5, NULL, '2020-11-02 06:42:04'),
(560, 15, 50, 6, NULL, '2020-11-02 06:42:04'),
(561, 15, 51, 9, NULL, '2020-11-02 06:42:04'),
(562, 15, 52, 7, NULL, '2020-11-02 06:42:04'),
(563, 15, 53, 10, NULL, '2020-11-02 06:42:04'),
(564, 15, 54, 5, NULL, '2020-11-02 06:42:04'),
(565, 15, 55, 6, NULL, '2020-11-02 06:42:04'),
(566, 15, 56, 5, NULL, '2020-11-02 06:42:04'),
(567, 15, 57, 7, NULL, '2020-11-02 06:42:04'),
(568, 15, 58, 0, NULL, '2020-11-02 06:42:04'),
(569, 15, 59, 10, NULL, '2020-11-02 06:42:04'),
(570, 15, 60, 10, NULL, '2020-11-02 06:42:04'),
(571, 15, 61, 9, NULL, '2020-11-02 06:42:04'),
(572, 15, 62, 10, NULL, '2020-11-02 06:42:04'),
(573, 15, 63, 7, NULL, '2020-11-02 06:42:04'),
(574, 15, 64, 6, NULL, '2020-11-02 06:42:04'),
(575, 15, 65, 6, NULL, '2020-11-02 06:42:04'),
(576, 15, 66, 9, NULL, '2020-11-02 06:42:04'),
(577, 17, 3, 5, NULL, NULL),
(578, 17, 4, 5, NULL, NULL),
(579, 17, 5, 8, NULL, NULL),
(580, 17, 6, 5, NULL, NULL),
(581, 17, 7, 5, NULL, NULL),
(582, 17, 8, 6, NULL, NULL),
(583, 17, 9, 9, NULL, NULL),
(584, 17, 10, 9, NULL, NULL),
(585, 17, 11, 8, NULL, NULL),
(586, 17, 12, 6, NULL, NULL),
(587, 17, 13, 5, NULL, NULL),
(588, 17, 14, 5, NULL, NULL),
(589, 17, 15, 5, NULL, NULL),
(590, 17, 16, 8, NULL, NULL),
(591, 17, 17, 10, NULL, NULL),
(592, 17, 18, 5, NULL, NULL),
(593, 17, 19, 5, NULL, NULL),
(594, 17, 20, 5, NULL, NULL),
(595, 17, 21, 6, NULL, NULL),
(596, 17, 22, 5, NULL, NULL),
(597, 17, 23, 5, NULL, NULL),
(598, 17, 24, 10, NULL, NULL),
(599, 17, 25, 9, NULL, NULL),
(600, 17, 26, 8, NULL, NULL),
(601, 17, 27, 9, NULL, NULL),
(602, 17, 28, 5, NULL, NULL),
(603, 17, 29, 6, NULL, NULL),
(604, 17, 30, 5, NULL, NULL),
(605, 17, 31, 5, NULL, NULL),
(606, 17, 32, 6, NULL, NULL),
(607, 17, 33, 9, NULL, NULL),
(608, 17, 34, 9, NULL, NULL),
(609, 17, 35, 6, NULL, NULL),
(610, 17, 36, 9, NULL, NULL),
(611, 17, 37, 5, NULL, NULL),
(612, 17, 38, 5, NULL, NULL),
(613, 17, 39, 5, NULL, NULL),
(614, 17, 40, 5, NULL, NULL),
(615, 17, 41, 5, NULL, NULL),
(616, 17, 42, 9, NULL, NULL),
(617, 17, 43, 9, NULL, NULL),
(618, 17, 44, 9, NULL, NULL),
(619, 17, 45, 9, NULL, NULL),
(620, 17, 46, 5, NULL, NULL),
(621, 17, 47, 5, NULL, NULL),
(622, 17, 48, 5, NULL, NULL),
(623, 17, 49, 5, NULL, NULL),
(624, 17, 50, 10, NULL, NULL),
(625, 17, 51, 9, NULL, NULL),
(626, 17, 52, 8, NULL, NULL),
(627, 17, 53, 10, NULL, NULL),
(628, 17, 54, 5, NULL, NULL),
(629, 17, 55, 0, NULL, NULL),
(630, 17, 56, 6, NULL, NULL),
(631, 17, 57, 5, NULL, NULL),
(632, 17, 58, 5, NULL, NULL),
(633, 17, 59, 10, NULL, NULL),
(634, 17, 60, 9, NULL, NULL),
(635, 17, 61, 8, NULL, NULL),
(636, 17, 62, 9, NULL, NULL),
(637, 17, 63, 7, NULL, NULL),
(638, 17, 64, 6, NULL, NULL),
(639, 17, 65, 6, NULL, NULL),
(640, 17, 66, 8, NULL, NULL),
(641, 18, 3, 10, NULL, '2020-11-02 11:32:57'),
(642, 18, 4, 10, NULL, '2020-11-02 11:32:57'),
(643, 18, 5, 10, NULL, '2020-11-02 11:32:57'),
(644, 18, 6, 10, NULL, '2020-11-02 11:32:57'),
(645, 18, 7, 10, NULL, '2020-11-02 11:32:57'),
(646, 18, 8, 10, NULL, '2020-11-02 11:32:57'),
(647, 18, 9, 10, NULL, '2020-11-02 11:32:57'),
(648, 18, 10, 10, NULL, '2020-11-02 11:32:57'),
(649, 18, 11, 10, NULL, '2020-11-02 11:32:57'),
(650, 18, 12, 10, NULL, '2020-11-02 11:32:57'),
(651, 18, 13, 10, NULL, '2020-11-02 11:32:57'),
(652, 18, 14, 10, NULL, '2020-11-02 11:32:57'),
(653, 18, 15, 10, NULL, '2020-11-02 11:32:57'),
(654, 18, 16, 10, NULL, '2020-11-02 11:32:57'),
(655, 18, 17, 10, NULL, '2020-11-02 11:32:57'),
(656, 18, 18, 10, NULL, '2020-11-02 11:32:57'),
(657, 18, 19, 10, NULL, '2020-11-02 11:32:57'),
(658, 18, 20, 10, NULL, '2020-11-02 11:32:57'),
(659, 18, 21, 10, NULL, '2020-11-02 11:32:57'),
(660, 18, 22, 10, NULL, '2020-11-02 11:32:57'),
(661, 18, 23, 10, NULL, '2020-11-02 11:32:57'),
(662, 18, 24, 10, NULL, '2020-11-02 11:32:57'),
(663, 18, 25, 10, NULL, '2020-11-02 11:32:57'),
(664, 18, 26, 10, NULL, '2020-11-02 11:32:57'),
(665, 18, 27, 10, NULL, '2020-11-02 11:32:57'),
(666, 18, 28, 5, NULL, '2020-11-02 11:32:57'),
(667, 18, 29, 5, NULL, '2020-11-02 11:32:57'),
(668, 18, 30, 5, NULL, '2020-11-02 11:32:57'),
(669, 18, 31, 5, NULL, '2020-11-02 11:32:57'),
(670, 18, 32, 6, NULL, '2020-11-02 11:32:57'),
(671, 18, 33, 9, NULL, '2020-11-02 11:32:57'),
(672, 18, 34, 9, NULL, '2020-11-02 11:32:57'),
(673, 18, 35, 9, NULL, '2020-11-02 11:32:57'),
(674, 18, 36, 10, NULL, '2020-11-02 11:32:57'),
(675, 18, 37, 5, NULL, '2020-11-02 11:32:57'),
(676, 18, 38, 5, NULL, '2020-11-02 11:32:57'),
(677, 18, 39, 6, NULL, '2020-11-02 11:32:57'),
(678, 18, 40, 6, NULL, '2020-11-02 11:32:57'),
(679, 18, 41, 5, NULL, '2020-11-02 11:32:58'),
(680, 18, 42, 10, NULL, '2020-11-02 11:32:58'),
(681, 18, 43, 9, NULL, '2020-11-02 11:32:58'),
(682, 18, 44, 9, NULL, '2020-11-02 11:32:58'),
(683, 18, 45, 10, NULL, '2020-11-02 11:32:58'),
(684, 18, 46, 6, NULL, '2020-11-02 11:32:58'),
(685, 18, 47, 6, NULL, '2020-11-02 11:32:58'),
(686, 18, 48, 5, NULL, '2020-11-02 11:32:58'),
(687, 18, 49, 7, NULL, '2020-11-02 11:32:58'),
(688, 18, 50, 5, NULL, '2020-11-02 11:32:58'),
(689, 18, 51, 9, NULL, '2020-11-02 11:32:58'),
(690, 18, 52, 10, NULL, '2020-11-02 11:32:58'),
(691, 18, 53, 10, NULL, '2020-11-02 11:32:58'),
(692, 18, 54, 5, NULL, '2020-11-02 11:32:58'),
(693, 18, 55, 6, NULL, '2020-11-02 11:32:58'),
(694, 18, 56, 5, NULL, '2020-11-02 11:32:58'),
(695, 18, 57, 5, NULL, '2020-11-02 11:32:58'),
(696, 18, 58, 5, NULL, '2020-11-02 11:32:58'),
(697, 18, 59, 9, NULL, '2020-11-02 11:32:58'),
(698, 18, 60, 10, NULL, '2020-11-02 11:32:58'),
(699, 18, 61, 9, NULL, '2020-11-02 11:32:58'),
(700, 18, 62, 10, NULL, '2020-11-02 11:32:58'),
(701, 18, 63, 5, NULL, '2020-11-02 11:32:58'),
(702, 18, 64, 5, NULL, '2020-11-02 11:32:58'),
(703, 18, 65, 6, NULL, '2020-11-02 11:32:58'),
(704, 18, 66, 9, NULL, '2020-11-02 11:32:58'),
(705, 4, 3, 5, NULL, NULL),
(706, 4, 4, 5, NULL, NULL),
(707, 4, 5, 5, NULL, NULL),
(708, 4, 6, 7, NULL, NULL),
(709, 4, 7, 6, NULL, NULL),
(710, 4, 8, 0, NULL, NULL),
(711, 4, 9, 10, NULL, NULL),
(712, 4, 10, 9, NULL, NULL),
(713, 4, 11, 5, NULL, NULL),
(714, 4, 12, 5, NULL, NULL),
(715, 4, 13, 5, NULL, NULL),
(716, 4, 14, 5, NULL, NULL),
(717, 4, 15, 0, NULL, NULL),
(718, 4, 16, 8, NULL, NULL),
(719, 4, 17, 8, NULL, NULL),
(720, 4, 18, 9, NULL, NULL),
(721, 4, 19, 0, NULL, NULL),
(722, 4, 20, 5, NULL, NULL),
(723, 4, 21, 5, NULL, NULL),
(724, 4, 22, 6, NULL, NULL),
(725, 4, 23, 6, NULL, NULL),
(726, 4, 24, 9, NULL, NULL),
(727, 4, 25, 10, NULL, NULL),
(728, 4, 26, 10, NULL, NULL),
(729, 4, 27, 8, NULL, NULL),
(730, 4, 28, 0, NULL, NULL),
(731, 4, 29, 6, NULL, NULL),
(732, 4, 30, 5, NULL, NULL),
(733, 4, 31, 5, NULL, NULL),
(734, 4, 32, 5, NULL, NULL),
(735, 4, 33, 9, NULL, NULL),
(736, 4, 34, 6, NULL, NULL),
(737, 4, 35, 8, NULL, NULL),
(738, 4, 36, 9, NULL, NULL),
(739, 4, 37, 6, NULL, NULL),
(740, 4, 38, 5, NULL, NULL),
(741, 4, 39, 5, NULL, NULL),
(742, 4, 40, 6, NULL, NULL),
(743, 4, 41, 6, NULL, NULL),
(744, 4, 42, 10, NULL, NULL),
(745, 4, 43, 10, NULL, NULL),
(746, 4, 44, 10, NULL, NULL),
(747, 4, 45, 10, NULL, NULL),
(748, 4, 46, 10, NULL, NULL),
(749, 4, 47, 10, NULL, NULL),
(750, 4, 48, 10, NULL, NULL),
(751, 4, 49, 10, NULL, NULL),
(752, 4, 50, 10, NULL, NULL),
(753, 4, 51, 10, NULL, NULL),
(754, 4, 52, 10, NULL, NULL),
(755, 4, 53, 10, NULL, NULL),
(756, 4, 54, 10, NULL, NULL),
(757, 4, 55, 10, NULL, NULL),
(758, 4, 56, 10, NULL, NULL),
(759, 4, 57, 10, NULL, NULL),
(760, 4, 58, 10, NULL, NULL),
(761, 4, 59, 10, NULL, NULL),
(762, 4, 60, 10, NULL, NULL),
(763, 4, 61, 10, NULL, NULL),
(764, 4, 62, 10, NULL, NULL),
(765, 4, 63, 10, NULL, NULL),
(766, 4, 64, 10, NULL, NULL),
(767, 4, 65, 10, NULL, NULL),
(768, 4, 66, 10, NULL, NULL),
(769, 22, 3, 10, NULL, NULL),
(770, 22, 4, 10, NULL, NULL),
(771, 22, 5, 10, NULL, NULL),
(772, 22, 6, 10, NULL, NULL),
(773, 22, 7, 10, NULL, NULL),
(774, 22, 8, 10, NULL, NULL),
(775, 22, 9, 10, NULL, NULL),
(776, 22, 10, 10, NULL, NULL),
(777, 22, 11, 10, NULL, NULL),
(778, 22, 12, 10, NULL, NULL),
(779, 22, 13, 10, NULL, NULL),
(780, 22, 14, 10, NULL, NULL),
(781, 22, 15, 10, NULL, NULL),
(782, 22, 16, 10, NULL, NULL),
(783, 22, 17, 10, NULL, NULL),
(784, 22, 18, 10, NULL, NULL),
(785, 22, 19, 6, NULL, NULL),
(786, 22, 20, 5, NULL, NULL),
(787, 22, 21, 5, NULL, NULL),
(788, 22, 22, 5, NULL, NULL),
(789, 22, 23, 5, NULL, NULL),
(790, 22, 24, 9, NULL, NULL),
(791, 22, 25, 8, NULL, NULL),
(792, 22, 26, 7, NULL, NULL),
(793, 22, 27, 10, NULL, NULL),
(794, 22, 28, 5, NULL, NULL),
(795, 22, 29, 5, NULL, NULL),
(796, 22, 30, 5, NULL, NULL),
(797, 22, 31, 5, NULL, NULL),
(798, 22, 32, 5, NULL, NULL),
(799, 22, 33, 8, NULL, NULL),
(800, 22, 34, 8, NULL, NULL),
(801, 22, 35, 8, NULL, NULL),
(802, 22, 36, 10, NULL, NULL),
(803, 22, 37, 5, NULL, NULL),
(804, 22, 38, 6, NULL, NULL),
(805, 22, 39, 6, NULL, NULL),
(806, 22, 40, 5, NULL, NULL),
(807, 22, 41, 5, NULL, NULL),
(808, 22, 42, 9, NULL, NULL),
(809, 22, 43, 9, NULL, NULL),
(810, 22, 44, 10, NULL, NULL),
(811, 22, 45, 10, NULL, NULL),
(812, 22, 46, 5, NULL, NULL),
(813, 22, 47, 5, NULL, NULL),
(814, 22, 48, 6, NULL, NULL),
(815, 22, 49, 6, NULL, NULL),
(816, 22, 50, 6, NULL, NULL),
(817, 22, 51, 10, NULL, NULL),
(818, 22, 52, 9, NULL, NULL),
(819, 22, 53, 10, NULL, NULL),
(820, 22, 54, 5, NULL, NULL),
(821, 22, 55, 5, NULL, NULL),
(822, 22, 56, 5, NULL, NULL),
(823, 22, 57, 5, NULL, NULL),
(824, 22, 58, 6, NULL, NULL),
(825, 22, 59, 10, NULL, NULL),
(826, 22, 60, 10, NULL, NULL),
(827, 22, 61, 9, NULL, NULL),
(828, 22, 62, 10, NULL, NULL),
(829, 22, 63, 6, NULL, NULL),
(830, 22, 64, 6, NULL, NULL),
(831, 22, 65, 5, NULL, NULL),
(832, 22, 66, 9, NULL, NULL),
(833, 26, 3, 8, NULL, '2021-01-26 13:41:14'),
(834, 26, 4, 7, NULL, '2021-01-26 13:41:14'),
(835, 26, 5, 6, NULL, '2021-01-26 13:41:14'),
(836, 26, 6, 7, NULL, '2021-01-26 13:41:14'),
(837, 26, 7, 8, NULL, '2021-01-26 13:41:14'),
(838, 26, 8, 6, NULL, '2021-01-26 13:41:14'),
(839, 26, 9, 10, NULL, '2021-01-26 13:41:14'),
(840, 26, 10, 9, NULL, '2021-01-26 13:41:14'),
(841, 26, 11, 5, NULL, '2021-01-26 13:41:14'),
(842, 26, 12, 8, NULL, '2021-01-26 13:41:14'),
(843, 26, 13, 5, NULL, '2021-01-26 13:41:14'),
(844, 26, 14, 6, NULL, '2021-01-26 13:41:14'),
(845, 26, 15, 9, NULL, '2021-01-26 13:41:14'),
(846, 26, 16, 9, NULL, '2021-01-26 13:41:14'),
(847, 26, 17, 10, NULL, '2021-01-26 13:41:14'),
(848, 26, 18, 10, NULL, '2021-01-26 13:41:14'),
(849, 26, 19, 6, NULL, '2021-01-26 13:41:14'),
(850, 26, 20, 7, NULL, '2021-01-26 13:41:14'),
(851, 26, 21, 5, NULL, '2021-01-26 13:41:14'),
(852, 26, 22, 6, NULL, '2021-01-26 13:41:14'),
(853, 26, 23, 5, NULL, '2021-01-26 13:41:14'),
(854, 26, 24, 10, NULL, '2021-01-26 13:41:14'),
(855, 26, 25, 10, NULL, '2021-01-26 13:41:14'),
(856, 26, 26, 10, NULL, '2021-01-26 13:41:14'),
(857, 26, 27, 6, NULL, '2021-01-26 13:41:14'),
(858, 26, 28, 5, NULL, '2021-01-26 13:41:14'),
(859, 26, 29, 7, NULL, '2021-01-26 13:41:14'),
(860, 26, 30, 6, NULL, '2021-01-26 13:41:14'),
(861, 26, 31, 7, NULL, '2021-01-26 13:41:14'),
(862, 26, 32, 7, NULL, '2021-01-26 13:41:14'),
(863, 26, 33, 10, NULL, '2021-01-26 13:41:14'),
(864, 26, 34, 10, NULL, '2021-01-26 13:41:14'),
(865, 26, 35, 9, NULL, '2021-01-26 13:41:14'),
(866, 26, 36, 7, NULL, '2021-01-26 13:41:14'),
(867, 26, 37, 6, NULL, '2021-01-26 13:41:14'),
(868, 26, 38, 7, NULL, '2021-01-26 13:41:14'),
(869, 26, 39, 5, NULL, '2021-01-26 13:41:14'),
(870, 26, 40, 5, NULL, '2021-01-26 13:41:14'),
(871, 26, 41, 6, NULL, '2021-01-26 13:41:14'),
(872, 26, 42, 10, NULL, '2021-01-26 13:41:14'),
(873, 26, 43, 10, NULL, '2021-01-26 13:41:14'),
(874, 26, 44, 10, NULL, '2021-01-26 13:41:14'),
(875, 26, 45, 10, NULL, '2021-01-26 13:41:14'),
(876, 26, 46, 6, NULL, '2021-01-26 13:41:14'),
(877, 26, 47, 5, NULL, '2021-01-26 13:41:14'),
(878, 26, 48, 6, NULL, '2021-01-26 13:41:14'),
(879, 26, 49, 6, NULL, '2021-01-26 13:41:14'),
(880, 26, 50, 6, NULL, '2021-01-26 13:41:14'),
(881, 26, 51, 10, NULL, '2021-01-26 13:41:14'),
(882, 26, 52, 10, NULL, '2021-01-26 13:41:14'),
(883, 26, 53, 10, NULL, '2021-01-26 13:41:14'),
(884, 26, 54, 10, NULL, '2021-01-26 13:41:14'),
(885, 26, 55, 10, NULL, '2021-01-26 13:41:14'),
(886, 26, 56, 10, NULL, '2021-01-26 13:41:14'),
(887, 26, 57, 10, NULL, '2021-01-26 13:41:14'),
(888, 26, 58, 10, NULL, '2021-01-26 13:41:14'),
(889, 26, 59, 10, NULL, '2021-01-26 13:41:14'),
(890, 26, 60, 10, NULL, '2021-01-26 13:41:14'),
(891, 26, 61, 10, NULL, '2021-01-26 13:41:14'),
(892, 26, 62, 10, NULL, '2021-01-26 13:41:14'),
(893, 26, 63, 10, NULL, '2021-01-26 13:41:14'),
(894, 26, 64, 10, NULL, '2021-01-26 13:41:14'),
(895, 26, 65, 10, NULL, '2021-01-26 13:41:14'),
(896, 26, 66, 10, NULL, '2021-01-26 13:41:14'),
(897, 27, 3, 9, NULL, '2021-01-26 08:46:29'),
(898, 27, 4, 6, NULL, '2021-01-26 08:46:29'),
(899, 27, 5, 7, NULL, '2021-01-26 08:46:29'),
(900, 27, 6, 7, NULL, '2021-01-26 08:46:29'),
(901, 27, 7, 9, NULL, '2021-01-26 08:46:29'),
(902, 27, 8, 9, NULL, '2021-01-26 08:46:29'),
(903, 27, 9, 10, NULL, '2021-01-26 08:46:29'),
(904, 27, 10, 9, NULL, '2021-01-26 08:46:29'),
(905, 27, 11, 5, NULL, '2021-01-26 08:46:29'),
(906, 27, 12, 9, NULL, '2021-01-26 08:46:29'),
(907, 27, 13, 7, NULL, '2021-01-26 08:46:29'),
(908, 27, 14, 7, NULL, '2021-01-26 08:46:29'),
(909, 27, 15, 8, NULL, '2021-01-26 08:46:29'),
(910, 27, 16, 9, NULL, '2021-01-26 08:46:29'),
(911, 27, 17, 10, NULL, '2021-01-26 08:46:29'),
(912, 27, 18, 10, NULL, '2021-01-26 08:46:29'),
(913, 27, 19, 6, NULL, '2021-01-26 08:46:29'),
(914, 27, 20, 8, NULL, '2021-01-26 08:46:29'),
(915, 27, 21, 5, NULL, '2021-01-26 08:46:29'),
(916, 27, 22, 6, NULL, '2021-01-26 08:46:29'),
(917, 27, 23, 6, NULL, '2021-01-26 08:46:29'),
(918, 27, 24, 10, NULL, '2021-01-26 08:46:29'),
(919, 27, 25, 10, NULL, '2021-01-26 08:46:29'),
(920, 27, 26, 10, NULL, '2021-01-26 08:46:29'),
(921, 27, 27, 7, NULL, '2021-01-26 08:46:29'),
(922, 27, 28, 5, NULL, '2021-01-26 08:46:29'),
(923, 27, 29, 7, NULL, '2021-01-26 08:46:29'),
(924, 27, 30, 5, NULL, '2021-01-26 08:46:29'),
(925, 27, 31, 6, NULL, '2021-01-26 08:46:29'),
(926, 27, 32, 6, NULL, '2021-01-26 08:46:29'),
(927, 27, 33, 10, NULL, '2021-01-26 08:46:29'),
(928, 27, 34, 10, NULL, '2021-01-26 08:46:29'),
(929, 27, 35, 9, NULL, '2021-01-26 08:46:29'),
(930, 27, 36, 7, NULL, '2021-01-26 08:46:29'),
(931, 27, 37, 5, NULL, '2021-01-26 08:46:29'),
(932, 27, 38, 5, NULL, '2021-01-26 08:46:29'),
(933, 27, 39, 5, NULL, '2021-01-26 08:46:29'),
(934, 27, 40, 6, NULL, '2021-01-26 08:46:29'),
(935, 27, 41, 6, NULL, '2021-01-26 08:46:29'),
(936, 27, 42, 10, NULL, '2021-01-26 08:46:29'),
(937, 27, 43, 10, NULL, '2021-01-26 08:46:29'),
(938, 27, 44, 8, NULL, '2021-01-26 08:46:29'),
(939, 27, 45, 10, NULL, '2021-01-26 08:46:29'),
(940, 27, 46, 6, NULL, '2021-01-26 08:46:29'),
(941, 27, 47, 8, NULL, '2021-01-26 08:46:29'),
(942, 27, 48, 6, NULL, '2021-01-26 08:46:29'),
(943, 27, 49, 6, NULL, '2021-01-26 08:46:29'),
(944, 27, 50, 5, NULL, '2021-01-26 08:46:29'),
(945, 27, 51, 10, NULL, '2021-01-26 08:46:29'),
(946, 27, 52, 10, NULL, '2021-01-26 08:46:29'),
(947, 27, 53, 10, NULL, '2021-01-26 08:46:29'),
(948, 27, 54, 10, NULL, '2021-01-26 08:46:29'),
(949, 27, 55, 10, NULL, '2021-01-26 08:46:29'),
(950, 27, 56, 10, NULL, '2021-01-26 08:46:29'),
(951, 27, 57, 10, NULL, '2021-01-26 08:46:29'),
(952, 27, 58, 10, NULL, '2021-01-26 08:46:29'),
(953, 27, 59, 10, NULL, '2021-01-26 08:46:29'),
(954, 27, 60, 10, NULL, '2021-01-26 08:46:29'),
(955, 27, 61, 10, NULL, '2021-01-26 08:46:29'),
(956, 27, 62, 10, NULL, '2021-01-26 08:46:29'),
(957, 27, 63, 10, NULL, '2021-01-26 08:46:29'),
(958, 27, 64, 10, NULL, '2021-01-26 08:46:29'),
(959, 27, 65, 10, NULL, '2021-01-26 08:46:29'),
(960, 27, 66, 10, NULL, '2021-01-26 08:46:29'),
(961, 28, 3, 5, NULL, NULL),
(962, 28, 4, 6, NULL, NULL),
(963, 28, 5, 7, NULL, NULL),
(964, 28, 6, 9, NULL, NULL),
(965, 28, 7, 5, NULL, NULL),
(966, 28, 8, 5, NULL, NULL),
(967, 28, 9, 9, NULL, NULL),
(968, 28, 10, 9, NULL, NULL),
(969, 28, 11, 5, NULL, NULL),
(970, 28, 12, 5, NULL, NULL),
(971, 28, 13, 5, NULL, NULL),
(972, 28, 14, 5, NULL, NULL),
(973, 28, 15, 5, NULL, NULL),
(974, 28, 16, 8, NULL, NULL),
(975, 28, 17, 8, NULL, NULL),
(976, 28, 18, 6, NULL, NULL),
(977, 28, 19, 5, NULL, NULL),
(978, 28, 20, 6, NULL, NULL),
(979, 28, 21, 5, NULL, NULL),
(980, 28, 22, 5, NULL, NULL),
(981, 28, 23, 5, NULL, NULL),
(982, 28, 24, 6, NULL, NULL),
(983, 28, 25, 5, NULL, NULL),
(984, 28, 26, 7, NULL, NULL),
(985, 28, 27, 5, NULL, NULL),
(986, 28, 28, 5, NULL, NULL),
(987, 28, 29, 5, NULL, NULL),
(988, 28, 30, 5, NULL, NULL),
(989, 28, 31, 7, NULL, NULL),
(990, 28, 32, 5, NULL, NULL),
(991, 28, 33, 5, NULL, NULL),
(992, 28, 34, 10, NULL, NULL),
(993, 28, 35, 8, NULL, NULL),
(994, 28, 36, 10, NULL, NULL),
(995, 28, 37, 5, NULL, NULL),
(996, 28, 38, 5, NULL, NULL),
(997, 28, 39, 5, NULL, NULL),
(998, 28, 40, 5, NULL, NULL),
(999, 28, 41, 5, NULL, NULL),
(1000, 28, 42, 8, NULL, NULL),
(1001, 28, 43, 8, NULL, NULL),
(1002, 28, 44, 5, NULL, NULL),
(1003, 28, 45, 10, NULL, NULL),
(1004, 28, 46, 10, NULL, NULL),
(1005, 28, 47, 10, NULL, NULL),
(1006, 28, 48, 10, NULL, NULL),
(1007, 28, 49, 10, NULL, NULL),
(1008, 28, 50, 10, NULL, NULL),
(1009, 28, 51, 10, NULL, NULL),
(1010, 28, 52, 10, NULL, NULL),
(1011, 28, 53, 10, NULL, NULL),
(1012, 28, 54, 10, NULL, NULL),
(1013, 28, 55, 10, NULL, NULL),
(1014, 28, 56, 10, NULL, NULL),
(1015, 28, 57, 10, NULL, NULL),
(1016, 28, 58, 10, NULL, NULL),
(1017, 28, 59, 10, NULL, NULL),
(1018, 28, 60, 10, NULL, NULL),
(1019, 28, 61, 10, NULL, NULL),
(1020, 28, 62, 10, NULL, NULL),
(1021, 28, 63, 10, NULL, NULL),
(1022, 28, 64, 10, NULL, NULL),
(1023, 28, 65, 10, NULL, NULL),
(1024, 28, 66, 10, NULL, NULL),
(1025, 29, 3, 8, NULL, '2021-01-25 21:53:21'),
(1026, 29, 4, 10, NULL, '2021-01-25 21:53:21'),
(1027, 29, 5, 8, NULL, '2021-01-25 21:53:21'),
(1028, 29, 6, 9, NULL, '2021-01-25 21:53:21'),
(1029, 29, 7, 9, NULL, '2021-01-25 21:53:21'),
(1030, 29, 8, 7, NULL, '2021-01-25 21:53:21'),
(1031, 29, 9, 10, NULL, '2021-01-25 21:53:21'),
(1032, 29, 10, 10, NULL, '2021-01-25 21:53:21'),
(1033, 29, 11, 6, NULL, '2021-01-25 21:53:21'),
(1034, 29, 12, 7, NULL, '2021-01-25 21:53:21'),
(1035, 29, 13, 8, NULL, '2021-01-25 21:53:21'),
(1036, 29, 14, 6, NULL, '2021-01-25 21:53:21'),
(1037, 29, 15, 9, NULL, '2021-01-25 21:53:21'),
(1038, 29, 16, 10, NULL, '2021-01-25 21:53:21'),
(1039, 29, 17, 10, NULL, '2021-01-25 21:53:21'),
(1040, 29, 18, 9, NULL, '2021-01-25 21:53:21'),
(1041, 29, 19, 5, NULL, '2021-01-25 21:53:21'),
(1042, 29, 20, 8, NULL, '2021-01-25 21:53:21'),
(1043, 29, 21, 6, NULL, '2021-01-25 21:53:21'),
(1044, 29, 22, 7, NULL, '2021-01-25 21:53:21'),
(1045, 29, 23, 7, NULL, '2021-01-25 21:53:21'),
(1046, 29, 24, 10, NULL, '2021-01-25 21:53:21'),
(1047, 29, 25, 10, NULL, '2021-01-25 21:53:21'),
(1048, 29, 26, 10, NULL, '2021-01-25 21:53:21'),
(1049, 29, 27, 7, NULL, '2021-01-25 21:53:21'),
(1050, 29, 28, 6, NULL, '2021-01-25 21:53:21'),
(1051, 29, 29, 5, NULL, '2021-01-25 21:53:21'),
(1052, 29, 30, 6, NULL, '2021-01-25 21:53:21'),
(1053, 29, 31, 7, NULL, '2021-01-25 21:53:21'),
(1054, 29, 32, 7, NULL, '2021-01-25 21:53:21'),
(1055, 29, 33, 9, NULL, '2021-01-25 21:53:21'),
(1056, 29, 34, 10, NULL, '2021-01-25 21:53:21'),
(1057, 29, 35, 10, NULL, '2021-01-25 21:53:21'),
(1058, 29, 36, 9, NULL, '2021-01-25 21:53:21'),
(1059, 29, 37, 7, NULL, '2021-01-25 21:53:21'),
(1060, 29, 38, 5, NULL, '2021-01-25 21:53:21'),
(1061, 29, 39, 7, NULL, '2021-01-25 21:53:21'),
(1062, 29, 40, 6, NULL, '2021-01-25 21:53:21'),
(1063, 29, 41, 7, NULL, '2021-01-25 21:53:21'),
(1064, 29, 42, 10, NULL, '2021-01-25 21:53:21'),
(1065, 29, 43, 10, NULL, '2021-01-25 21:53:21'),
(1066, 29, 44, 10, NULL, '2021-01-25 21:53:21'),
(1067, 29, 45, 10, NULL, '2021-01-25 21:53:21'),
(1068, 29, 46, 7, NULL, '2021-01-25 21:53:21'),
(1069, 29, 47, 5, NULL, '2021-01-25 21:53:21'),
(1070, 29, 48, 6, NULL, '2021-01-25 21:53:21'),
(1071, 29, 49, 6, NULL, '2021-01-25 21:53:21'),
(1072, 29, 50, 8, NULL, '2021-01-25 21:53:21'),
(1073, 29, 51, 10, NULL, '2021-01-25 21:53:21'),
(1074, 29, 52, 10, NULL, '2021-01-25 21:53:21'),
(1075, 29, 53, 9, NULL, '2021-01-25 21:53:21'),
(1076, 29, 54, 10, NULL, '2021-01-25 21:53:21'),
(1077, 29, 55, 10, NULL, '2021-01-25 21:53:21'),
(1078, 29, 56, 10, NULL, '2021-01-25 21:53:21'),
(1079, 29, 57, 10, NULL, '2021-01-25 21:53:21'),
(1080, 29, 58, 10, NULL, '2021-01-25 21:53:21'),
(1081, 29, 59, 10, NULL, '2021-01-25 21:53:21'),
(1082, 29, 60, 10, NULL, '2021-01-25 21:53:21'),
(1083, 29, 61, 10, NULL, '2021-01-25 21:53:21'),
(1084, 29, 62, 10, NULL, '2021-01-25 21:53:21'),
(1085, 29, 63, 10, NULL, '2021-01-25 21:53:21'),
(1086, 29, 64, 10, NULL, '2021-01-25 21:53:21'),
(1087, 29, 65, 10, NULL, '2021-01-25 21:53:21'),
(1088, 29, 66, 10, NULL, '2021-01-25 21:53:21'),
(1089, 30, 3, 7, NULL, '2021-01-25 21:50:48'),
(1090, 30, 4, 8, NULL, '2021-01-25 21:50:48'),
(1091, 30, 5, 7, NULL, '2021-01-25 21:50:48'),
(1092, 30, 6, 7, NULL, '2021-01-25 21:50:48'),
(1093, 30, 7, 5, NULL, '2021-01-25 21:50:48'),
(1094, 30, 8, 8, NULL, '2021-01-25 21:50:48'),
(1095, 30, 9, 9, NULL, '2021-01-25 21:50:48'),
(1096, 30, 10, 10, NULL, '2021-01-25 21:50:48'),
(1097, 30, 11, 6, NULL, '2021-01-25 21:50:48'),
(1098, 30, 12, 6, NULL, '2021-01-25 21:50:48'),
(1099, 30, 13, 8, NULL, '2021-01-25 21:50:48'),
(1100, 30, 14, 6, NULL, '2021-01-25 21:50:48'),
(1101, 30, 15, 7, NULL, '2021-01-25 21:50:48'),
(1102, 30, 16, 10, NULL, '2021-01-25 21:50:48'),
(1103, 30, 17, 10, NULL, '2021-01-25 21:50:48'),
(1104, 30, 18, 10, NULL, '2021-01-25 21:50:48'),
(1105, 30, 19, 5, NULL, '2021-01-25 21:50:48'),
(1106, 30, 20, 6, NULL, '2021-01-25 21:50:48'),
(1107, 30, 21, 6, NULL, '2021-01-25 21:50:48'),
(1108, 30, 22, 6, NULL, '2021-01-25 21:50:48'),
(1109, 30, 23, 5, NULL, '2021-01-25 21:50:48'),
(1110, 30, 24, 10, NULL, '2021-01-25 21:50:48'),
(1111, 30, 25, 10, NULL, '2021-01-25 21:50:48'),
(1112, 30, 26, 10, NULL, '2021-01-25 21:50:48'),
(1113, 30, 27, 7, NULL, '2021-01-25 21:50:48'),
(1114, 30, 28, 5, NULL, '2021-01-25 21:50:48'),
(1115, 30, 29, 6, NULL, '2021-01-25 21:50:48'),
(1116, 30, 30, 7, NULL, '2021-01-25 21:50:48'),
(1117, 30, 31, 5, NULL, '2021-01-25 21:50:48'),
(1118, 30, 32, 6, NULL, '2021-01-25 21:50:48'),
(1119, 30, 33, 10, NULL, '2021-01-25 21:50:48'),
(1120, 30, 34, 10, NULL, '2021-01-25 21:50:48'),
(1121, 30, 35, 10, NULL, '2021-01-25 21:50:48'),
(1122, 30, 36, 9, NULL, '2021-01-25 21:50:48'),
(1123, 30, 37, 7, NULL, '2021-01-25 21:50:48'),
(1124, 30, 38, 5, NULL, '2021-01-25 21:50:48'),
(1125, 30, 39, 7, NULL, '2021-01-25 21:50:48'),
(1126, 30, 40, 6, NULL, '2021-01-25 21:50:48'),
(1127, 30, 41, 6, NULL, '2021-01-25 21:50:48'),
(1128, 30, 42, 10, NULL, '2021-01-25 21:50:48'),
(1129, 30, 43, 10, NULL, '2021-01-25 21:50:48'),
(1130, 30, 44, 9, NULL, '2021-01-25 21:50:48'),
(1131, 30, 45, 10, NULL, '2021-01-25 21:50:48'),
(1132, 30, 46, 6, NULL, '2021-01-25 21:50:48'),
(1133, 30, 47, 6, NULL, '2021-01-25 21:50:48'),
(1134, 30, 48, 5, NULL, '2021-01-25 21:50:48'),
(1135, 30, 49, 6, NULL, '2021-01-25 21:50:48'),
(1136, 30, 50, 8, NULL, '2021-01-25 21:50:48'),
(1137, 30, 51, 10, NULL, '2021-01-25 21:50:48'),
(1138, 30, 52, 10, NULL, '2021-01-25 21:50:48'),
(1139, 30, 53, 9, NULL, '2021-01-25 21:50:48'),
(1140, 30, 54, 10, NULL, '2021-01-25 21:50:48'),
(1141, 30, 55, 10, NULL, '2021-01-25 21:50:48'),
(1142, 30, 56, 10, NULL, '2021-01-25 21:50:48'),
(1143, 30, 57, 10, NULL, '2021-01-25 21:50:48'),
(1144, 30, 58, 10, NULL, '2021-01-25 21:50:48'),
(1145, 30, 59, 10, NULL, '2021-01-25 21:50:48'),
(1146, 30, 60, 10, NULL, '2021-01-25 21:50:48'),
(1147, 30, 61, 10, NULL, '2021-01-25 21:50:48'),
(1148, 30, 62, 10, NULL, '2021-01-25 21:50:48'),
(1149, 30, 63, 10, NULL, '2021-01-25 21:50:48'),
(1150, 30, 64, 10, NULL, '2021-01-25 21:50:48'),
(1151, 30, 65, 10, NULL, '2021-01-25 21:50:48'),
(1152, 30, 66, 10, NULL, '2021-01-25 21:50:48'),
(1153, 31, 3, 6, NULL, NULL),
(1154, 31, 4, 5, NULL, NULL),
(1155, 31, 5, 5, NULL, NULL),
(1156, 31, 6, 7, NULL, NULL),
(1157, 31, 7, 6, NULL, NULL),
(1158, 31, 8, 7, NULL, NULL),
(1159, 31, 9, 9, NULL, NULL),
(1160, 31, 10, 10, NULL, NULL),
(1161, 31, 11, 5, NULL, NULL),
(1162, 31, 12, 5, NULL, NULL),
(1163, 31, 13, 5, NULL, NULL),
(1164, 31, 14, 5, NULL, NULL),
(1165, 31, 15, 6, NULL, NULL),
(1166, 31, 16, 8, NULL, NULL),
(1167, 31, 17, 5, NULL, NULL),
(1168, 31, 18, 9, NULL, NULL),
(1169, 31, 19, 5, NULL, NULL),
(1170, 31, 20, 6, NULL, NULL),
(1171, 31, 21, 5, NULL, NULL),
(1172, 31, 22, 5, NULL, NULL),
(1173, 31, 23, 5, NULL, NULL),
(1174, 31, 24, 9, NULL, NULL),
(1175, 31, 25, 7, NULL, NULL),
(1176, 31, 26, 9, NULL, NULL),
(1177, 31, 27, 7, NULL, NULL),
(1178, 31, 28, 5, NULL, NULL),
(1179, 31, 29, 5, NULL, NULL),
(1180, 31, 30, 5, NULL, NULL),
(1181, 31, 31, 5, NULL, NULL),
(1182, 31, 32, 6, NULL, NULL),
(1183, 31, 33, 9, NULL, NULL),
(1184, 31, 34, 9, NULL, NULL),
(1185, 31, 35, 8, NULL, NULL),
(1186, 31, 36, 9, NULL, NULL),
(1187, 31, 37, 6, NULL, NULL),
(1188, 31, 38, 5, NULL, NULL),
(1189, 31, 39, 5, NULL, NULL),
(1190, 31, 40, 5, NULL, NULL),
(1191, 31, 41, 6, NULL, NULL),
(1192, 31, 42, 10, NULL, NULL),
(1193, 31, 43, 9, NULL, NULL),
(1194, 31, 44, 10, NULL, NULL),
(1195, 31, 45, 10, NULL, NULL),
(1196, 31, 46, 5, NULL, NULL),
(1197, 31, 47, 8, NULL, NULL),
(1198, 31, 48, 5, NULL, NULL),
(1199, 31, 49, 7, NULL, NULL),
(1200, 31, 50, 8, NULL, NULL),
(1201, 31, 51, 10, NULL, NULL),
(1202, 31, 52, 10, NULL, NULL),
(1203, 31, 53, 9, NULL, NULL),
(1204, 31, 54, 5, NULL, NULL),
(1205, 31, 55, 10, NULL, NULL),
(1206, 31, 56, 10, NULL, NULL),
(1207, 31, 57, 10, NULL, NULL),
(1208, 31, 58, 10, NULL, NULL),
(1209, 31, 59, 10, NULL, NULL),
(1210, 31, 60, 10, NULL, NULL),
(1211, 31, 61, 10, NULL, NULL),
(1212, 31, 62, 10, NULL, NULL),
(1213, 31, 63, 10, NULL, NULL),
(1214, 31, 64, 10, NULL, NULL),
(1215, 31, 65, 10, NULL, NULL),
(1216, 31, 66, 10, NULL, NULL),
(1217, 32, 3, 7, NULL, NULL),
(1218, 32, 4, 6, NULL, NULL),
(1219, 32, 5, 7, NULL, NULL),
(1220, 32, 6, 8, NULL, NULL),
(1221, 32, 7, 7, NULL, NULL),
(1222, 32, 8, 8, NULL, NULL),
(1223, 32, 9, 7, NULL, NULL),
(1224, 32, 10, 9, NULL, NULL),
(1225, 32, 11, 5, NULL, NULL),
(1226, 32, 12, 5, NULL, NULL),
(1227, 32, 13, 6, NULL, NULL),
(1228, 32, 14, 6, NULL, NULL),
(1229, 32, 15, 6, NULL, NULL),
(1230, 32, 16, 8, NULL, NULL),
(1231, 32, 17, 10, NULL, NULL),
(1232, 32, 18, 10, NULL, NULL),
(1233, 32, 19, 5, NULL, NULL),
(1234, 32, 20, 7, NULL, NULL),
(1235, 32, 21, 6, NULL, NULL),
(1236, 32, 22, 6, NULL, NULL),
(1237, 32, 23, 5, NULL, NULL),
(1238, 32, 24, 10, NULL, NULL),
(1239, 32, 25, 9, NULL, NULL),
(1240, 32, 26, 10, NULL, NULL),
(1241, 32, 27, 9, NULL, NULL),
(1242, 32, 28, 6, NULL, NULL),
(1243, 32, 29, 6, NULL, NULL),
(1244, 32, 30, 5, NULL, NULL),
(1245, 32, 31, 6, NULL, NULL),
(1246, 32, 32, 6, NULL, NULL),
(1247, 32, 33, 10, NULL, NULL),
(1248, 32, 34, 10, NULL, NULL),
(1249, 32, 35, 9, NULL, NULL),
(1250, 32, 36, 10, NULL, NULL),
(1251, 32, 37, 6, NULL, NULL),
(1252, 32, 38, 6, NULL, NULL),
(1253, 32, 39, 0, NULL, NULL),
(1254, 32, 40, 6, NULL, NULL),
(1255, 32, 41, 5, NULL, NULL),
(1256, 32, 42, 10, NULL, NULL),
(1257, 32, 43, 10, NULL, NULL),
(1258, 32, 44, 10, NULL, NULL),
(1259, 32, 45, 10, NULL, NULL),
(1260, 32, 46, 5, NULL, NULL),
(1261, 32, 47, 5, NULL, NULL),
(1262, 32, 48, 5, NULL, NULL),
(1263, 32, 49, 5, NULL, NULL),
(1264, 32, 50, 5, NULL, NULL),
(1265, 32, 51, 10, NULL, NULL),
(1266, 32, 52, 10, NULL, NULL),
(1267, 32, 53, 9, NULL, NULL),
(1268, 32, 54, 10, NULL, NULL),
(1269, 32, 55, 10, NULL, NULL),
(1270, 32, 56, 10, NULL, NULL),
(1271, 32, 57, 10, NULL, NULL),
(1272, 32, 58, 10, NULL, NULL),
(1273, 32, 59, 10, NULL, NULL),
(1274, 32, 60, 10, NULL, NULL),
(1275, 32, 61, 10, NULL, NULL),
(1276, 32, 62, 10, NULL, NULL),
(1277, 32, 63, 10, NULL, NULL),
(1278, 32, 64, 10, NULL, NULL),
(1279, 32, 65, 10, NULL, NULL),
(1280, 32, 66, 10, NULL, NULL),
(1281, 34, 3, 0, NULL, NULL),
(1282, 34, 4, 5, NULL, NULL),
(1283, 34, 5, 5, NULL, NULL),
(1284, 34, 6, 6, NULL, NULL),
(1285, 34, 7, 5, NULL, NULL),
(1286, 34, 8, 5, NULL, NULL),
(1287, 34, 9, 9, NULL, NULL),
(1288, 34, 10, 6, NULL, NULL),
(1289, 34, 11, 5, NULL, NULL),
(1290, 34, 12, 0, NULL, NULL),
(1291, 34, 13, 5, NULL, NULL),
(1292, 34, 14, 5, NULL, NULL),
(1293, 34, 15, 0, NULL, NULL),
(1294, 34, 16, 8, NULL, NULL),
(1295, 34, 17, 7, NULL, NULL),
(1296, 34, 18, 8, NULL, NULL),
(1297, 34, 19, 7, NULL, NULL),
(1298, 34, 20, 5, NULL, NULL),
(1299, 34, 21, 5, NULL, NULL),
(1300, 34, 22, 5, NULL, NULL),
(1301, 34, 23, 10, NULL, NULL),
(1302, 34, 24, 8, NULL, NULL),
(1303, 34, 25, 8, NULL, NULL),
(1304, 34, 26, 7, NULL, NULL),
(1305, 34, 27, 10, NULL, NULL),
(1306, 34, 28, 5, NULL, NULL),
(1307, 34, 29, 5, NULL, NULL),
(1308, 34, 30, 0, NULL, NULL),
(1309, 34, 31, 5, NULL, NULL),
(1310, 34, 32, 5, NULL, NULL),
(1311, 34, 33, 9, NULL, NULL),
(1312, 34, 34, 10, NULL, NULL);
INSERT INTO `marks_data` (`id`, `user_id`, `subject_id`, `gradepoint`, `created_at`, `updated_at`) VALUES
(1313, 34, 35, 9, NULL, NULL),
(1314, 34, 36, 10, NULL, NULL),
(1315, 34, 37, 6, NULL, NULL),
(1316, 34, 38, 0, NULL, NULL),
(1317, 34, 39, 6, NULL, NULL),
(1318, 34, 40, 5, NULL, NULL),
(1319, 34, 41, 5, NULL, NULL),
(1320, 34, 42, 10, NULL, NULL),
(1321, 34, 43, 9, NULL, NULL),
(1322, 34, 44, 10, NULL, NULL),
(1323, 34, 45, 10, NULL, NULL),
(1324, 34, 46, 5, NULL, NULL),
(1325, 34, 47, 5, NULL, NULL),
(1326, 34, 48, 6, NULL, NULL),
(1327, 34, 49, 0, NULL, NULL),
(1328, 34, 50, 7, NULL, NULL),
(1329, 34, 51, 10, NULL, NULL),
(1330, 34, 52, 10, NULL, NULL),
(1331, 34, 53, 10, NULL, NULL),
(1332, 34, 54, 10, NULL, NULL),
(1333, 34, 55, 10, NULL, NULL),
(1334, 34, 56, 10, NULL, NULL),
(1335, 34, 57, 10, NULL, NULL),
(1336, 34, 58, 10, NULL, NULL),
(1337, 34, 59, 10, NULL, NULL),
(1338, 34, 60, 10, NULL, NULL),
(1339, 34, 61, 10, NULL, NULL),
(1340, 34, 62, 10, NULL, NULL),
(1341, 34, 63, 10, NULL, NULL),
(1342, 34, 64, 10, NULL, NULL),
(1343, 34, 65, 10, NULL, NULL),
(1344, 34, 66, 10, NULL, NULL),
(1345, 36, 3, 5, NULL, NULL),
(1346, 36, 4, 6, NULL, NULL),
(1347, 36, 5, 6, NULL, NULL),
(1348, 36, 6, 6, NULL, NULL),
(1349, 36, 7, 5, NULL, NULL),
(1350, 36, 8, 5, NULL, NULL),
(1351, 36, 9, 10, NULL, NULL),
(1352, 36, 10, 10, NULL, NULL),
(1353, 36, 11, 5, NULL, NULL),
(1354, 36, 12, 5, NULL, NULL),
(1355, 36, 13, 5, NULL, NULL),
(1356, 36, 14, 5, NULL, NULL),
(1357, 36, 15, 5, NULL, NULL),
(1358, 36, 16, 9, NULL, NULL),
(1359, 36, 17, 8, NULL, NULL),
(1360, 36, 18, 8, NULL, NULL),
(1361, 36, 19, 5, NULL, NULL),
(1362, 36, 20, 5, NULL, NULL),
(1363, 36, 21, 5, NULL, NULL),
(1364, 36, 22, 5, NULL, NULL),
(1365, 36, 23, 5, NULL, NULL),
(1366, 36, 24, 9, NULL, NULL),
(1367, 36, 25, 10, NULL, NULL),
(1368, 36, 26, 10, NULL, NULL),
(1369, 36, 27, 8, NULL, NULL),
(1370, 36, 28, 5, NULL, NULL),
(1371, 36, 29, 7, NULL, NULL),
(1372, 36, 30, 6, NULL, NULL),
(1373, 36, 31, 5, NULL, NULL),
(1374, 36, 32, 5, NULL, NULL),
(1375, 36, 33, 7, NULL, NULL),
(1376, 36, 34, 10, NULL, NULL),
(1377, 36, 35, 9, NULL, NULL),
(1378, 36, 36, 8, NULL, NULL),
(1379, 36, 37, 6, NULL, NULL),
(1380, 36, 38, 6, NULL, NULL),
(1381, 36, 39, 5, NULL, NULL),
(1382, 36, 40, 5, NULL, NULL),
(1383, 36, 41, 6, NULL, NULL),
(1384, 36, 42, 9, NULL, NULL),
(1385, 36, 43, 9, NULL, NULL),
(1386, 36, 44, 7, NULL, NULL),
(1387, 36, 45, 10, NULL, NULL),
(1388, 36, 46, 5, NULL, NULL),
(1389, 36, 47, 5, NULL, NULL),
(1390, 36, 48, 6, NULL, NULL),
(1391, 36, 49, 6, NULL, NULL),
(1392, 36, 50, 6, NULL, NULL),
(1393, 36, 51, 10, NULL, NULL),
(1394, 36, 52, 10, NULL, NULL),
(1395, 36, 53, 10, NULL, NULL),
(1396, 36, 54, 6, NULL, NULL),
(1397, 36, 55, 6, NULL, NULL),
(1398, 36, 56, 6, NULL, NULL),
(1399, 36, 57, 6, NULL, NULL),
(1400, 36, 58, 6, NULL, NULL),
(1401, 36, 59, 8, NULL, NULL),
(1402, 36, 60, 9, NULL, NULL),
(1403, 36, 61, 9, NULL, NULL),
(1404, 36, 62, 10, NULL, NULL),
(1405, 36, 63, 8, NULL, NULL),
(1406, 36, 64, 8, NULL, NULL),
(1407, 36, 65, 8, NULL, NULL),
(1408, 36, 66, 9, NULL, NULL),
(1409, 37, 3, 5, NULL, NULL),
(1410, 37, 4, 5, NULL, NULL),
(1411, 37, 5, 5, NULL, NULL),
(1412, 37, 6, 7, NULL, NULL),
(1413, 37, 7, 5, NULL, NULL),
(1414, 37, 8, 5, NULL, NULL),
(1415, 37, 9, 9, NULL, NULL),
(1416, 37, 10, 9, NULL, NULL),
(1417, 37, 11, 5, NULL, NULL),
(1418, 37, 12, 7, NULL, NULL),
(1419, 37, 13, 5, NULL, NULL),
(1420, 37, 14, 5, NULL, NULL),
(1421, 37, 15, 7, NULL, NULL),
(1422, 37, 16, 8, NULL, NULL),
(1423, 37, 17, 8, NULL, NULL),
(1424, 37, 18, 10, NULL, NULL),
(1425, 37, 19, 6, NULL, NULL),
(1426, 37, 20, 5, NULL, NULL),
(1427, 37, 21, 5, NULL, NULL),
(1428, 37, 22, 5, NULL, NULL),
(1429, 37, 23, 5, NULL, NULL),
(1430, 37, 24, 10, NULL, NULL),
(1431, 37, 25, 9, NULL, NULL),
(1432, 37, 26, 10, NULL, NULL),
(1433, 37, 27, 10, NULL, NULL),
(1434, 37, 28, 6, NULL, NULL),
(1435, 37, 29, 5, NULL, NULL),
(1436, 37, 30, 5, NULL, NULL),
(1437, 37, 31, 6, NULL, NULL),
(1438, 37, 32, 5, NULL, NULL),
(1439, 37, 33, 7, NULL, NULL),
(1440, 37, 34, 10, NULL, NULL),
(1441, 37, 35, 10, NULL, NULL),
(1442, 37, 36, 10, NULL, NULL),
(1443, 37, 37, 5, NULL, NULL),
(1444, 37, 38, 5, NULL, NULL),
(1445, 37, 39, 6, NULL, NULL),
(1446, 37, 40, 6, NULL, NULL),
(1447, 37, 41, 6, NULL, NULL),
(1448, 37, 42, 10, NULL, NULL),
(1449, 37, 43, 10, NULL, NULL),
(1450, 37, 44, 10, NULL, NULL),
(1451, 37, 45, 10, NULL, NULL),
(1452, 37, 46, 5, NULL, NULL),
(1453, 37, 47, 6, NULL, NULL),
(1454, 37, 48, 6, NULL, NULL),
(1455, 37, 49, 6, NULL, NULL),
(1456, 37, 50, 6, NULL, NULL),
(1457, 37, 51, 10, NULL, NULL),
(1458, 37, 52, 10, NULL, NULL),
(1459, 37, 53, 9, NULL, NULL),
(1460, 37, 54, 10, NULL, NULL),
(1461, 37, 55, 10, NULL, NULL),
(1462, 37, 56, 10, NULL, NULL),
(1463, 37, 57, 10, NULL, NULL),
(1464, 37, 58, 10, NULL, NULL),
(1465, 37, 59, 10, NULL, NULL),
(1466, 37, 60, 10, NULL, NULL),
(1467, 37, 61, 10, NULL, NULL),
(1468, 37, 62, 10, NULL, NULL),
(1469, 37, 63, 10, NULL, NULL),
(1470, 37, 64, 10, NULL, NULL),
(1471, 37, 65, 10, NULL, NULL),
(1472, 37, 66, 10, NULL, NULL),
(1473, 41, 3, 5, NULL, '2021-05-22 18:33:38'),
(1474, 41, 4, 5, NULL, '2021-05-22 18:33:38'),
(1475, 41, 5, 5, NULL, '2021-05-22 18:33:38'),
(1476, 41, 6, 10, NULL, '2021-05-22 18:33:38'),
(1477, 41, 7, 5, NULL, '2021-05-22 18:33:38'),
(1478, 41, 8, 5, NULL, '2021-05-22 18:33:38'),
(1479, 41, 9, 10, NULL, '2021-05-22 18:33:38'),
(1480, 41, 10, 10, NULL, '2021-05-22 18:33:38'),
(1481, 41, 11, 5, NULL, '2021-05-22 18:33:38'),
(1482, 41, 12, 0, NULL, '2021-05-22 18:33:38'),
(1483, 41, 13, 5, NULL, '2021-05-22 18:33:38'),
(1484, 41, 14, 5, NULL, '2021-05-22 18:33:38'),
(1485, 41, 15, 5, NULL, '2021-05-22 18:33:38'),
(1486, 41, 16, 10, NULL, '2021-05-22 18:33:38'),
(1487, 41, 17, 10, NULL, '2021-05-22 18:33:38'),
(1488, 41, 18, 10, NULL, '2021-05-22 18:33:38'),
(1489, 41, 19, 5, NULL, '2021-05-22 18:33:38'),
(1490, 41, 20, 5, NULL, '2021-05-22 18:33:38'),
(1491, 41, 21, 0, NULL, '2021-05-22 18:33:38'),
(1492, 41, 22, 5, NULL, '2021-05-22 18:33:38'),
(1493, 41, 23, 5, NULL, '2021-05-22 18:33:38'),
(1494, 41, 24, 10, NULL, '2021-05-22 18:33:38'),
(1495, 41, 25, 10, NULL, '2021-05-22 18:33:38'),
(1496, 41, 26, 10, NULL, '2021-05-22 18:33:38'),
(1497, 41, 27, 10, NULL, '2021-05-22 18:33:38'),
(1498, 41, 28, 5, NULL, '2021-05-22 18:33:38'),
(1499, 41, 29, 5, NULL, '2021-05-22 18:33:38'),
(1500, 41, 30, 5, NULL, '2021-05-22 18:33:38'),
(1501, 41, 31, 0, NULL, '2021-05-22 18:33:38'),
(1502, 41, 32, 5, NULL, '2021-05-22 18:33:38'),
(1503, 41, 33, 10, NULL, '2021-05-22 18:33:38'),
(1504, 41, 34, 10, NULL, '2021-05-22 18:33:38'),
(1505, 41, 35, 10, NULL, '2021-05-22 18:33:38'),
(1506, 41, 36, 10, NULL, '2021-05-22 18:33:38'),
(1507, 41, 37, 5, NULL, '2021-05-22 18:33:38'),
(1508, 41, 38, 5, NULL, '2021-05-22 18:33:38'),
(1509, 41, 39, 5, NULL, '2021-05-22 18:33:38'),
(1510, 41, 40, 5, NULL, '2021-05-22 18:33:38'),
(1511, 41, 41, 5, NULL, '2021-05-22 18:33:38'),
(1512, 41, 42, 10, NULL, '2021-05-22 18:33:38'),
(1513, 41, 43, 10, NULL, '2021-05-22 18:33:38'),
(1514, 41, 44, 10, NULL, '2021-05-22 18:33:38'),
(1515, 41, 45, 10, NULL, '2021-05-22 18:33:38'),
(1516, 41, 46, 0, NULL, '2021-05-22 18:33:38'),
(1517, 41, 47, 0, NULL, '2021-05-22 18:33:38'),
(1518, 41, 48, 5, NULL, '2021-05-22 18:33:38'),
(1519, 41, 49, 5, NULL, '2021-05-22 18:33:38'),
(1520, 41, 50, 5, NULL, '2021-05-22 18:33:38'),
(1521, 41, 51, 10, NULL, '2021-05-22 18:33:38'),
(1522, 41, 52, 10, NULL, '2021-05-22 18:33:38'),
(1523, 41, 53, 10, NULL, '2021-05-22 18:33:38'),
(1524, 41, 54, 5, NULL, '2021-05-22 18:33:38'),
(1525, 41, 55, 5, NULL, '2021-05-22 18:33:38'),
(1526, 41, 56, 5, NULL, '2021-05-22 18:33:38'),
(1527, 41, 57, 5, NULL, '2021-05-22 18:33:38'),
(1528, 41, 58, 10, NULL, '2021-05-22 18:33:38'),
(1529, 41, 59, 10, NULL, '2021-05-22 18:33:38'),
(1530, 41, 60, 10, NULL, '2021-05-22 18:33:38'),
(1531, 41, 61, 10, NULL, '2021-05-22 18:33:38'),
(1532, 41, 62, 10, NULL, '2021-05-22 18:33:38'),
(1533, 41, 63, 5, NULL, '2021-05-22 18:33:38'),
(1534, 41, 64, 5, NULL, '2021-05-22 18:33:38'),
(1535, 41, 65, 5, NULL, '2021-05-22 18:33:38'),
(1536, 41, 66, 10, NULL, '2021-05-22 18:33:38');

-- --------------------------------------------------------

--
-- Table structure for table `migrations`
--

CREATE TABLE `migrations` (
  `id` int(10) UNSIGNED NOT NULL,
  `migration` varchar(255) COLLATE utf8mb4_unicode_ci NOT NULL,
  `batch` int(11) NOT NULL
) ENGINE=MyISAM DEFAULT CHARSET=utf8mb4 COLLATE=utf8mb4_unicode_ci;

--
-- Dumping data for table `migrations`
--

INSERT INTO `migrations` (`id`, `migration`, `batch`) VALUES
(1, '2014_10_12_000000_create_users_table', 1),
(2, '2014_10_12_100000_create_password_resets_table', 1),
(3, '2019_08_19_000000_create_branches_table', 1),
(4, '2019_08_19_000000_create_failed_jobs_table', 1),
(5, '2020_02_21_154504_create_regulations_table', 1),
(6, '2020_02_21_154825_create_subjects_table', 1),
(7, '2020_02_22_160655_create_user_datas_table', 1),
(8, '2020_02_22_194446_create_feedback_table', 2);

-- --------------------------------------------------------

--
-- Table structure for table `password_resets`
--

CREATE TABLE `password_resets` (
  `email` varchar(255) COLLATE utf8mb4_unicode_ci NOT NULL,
  `token` varchar(255) COLLATE utf8mb4_unicode_ci NOT NULL,
  `created_at` timestamp NULL DEFAULT NULL
) ENGINE=MyISAM DEFAULT CHARSET=utf8mb4 COLLATE=utf8mb4_unicode_ci;

--
-- Dumping data for table `password_resets`
--

INSERT INTO `password_resets` (`email`, `token`, `created_at`) VALUES
('omarmd2311@gmail.com', '$2y$10$jJk6MliXCDshF/T6C/Gon.RhCumA4MGLEl8qe9OAXB9ucsHSVcP3e', '2021-04-23 11:03:35'),
('omar23111999@gmail.com', '$2y$10$OPcqj7DrLEr3Xxq2.QC8L.WQz4QOLdQdqGuOxzzTeT5tr21JQxjrK', '2020-08-06 19:43:31');

-- --------------------------------------------------------

--
-- Table structure for table `regulations`
--

CREATE TABLE `regulations` (
  `id` bigint(20) UNSIGNED NOT NULL,
  `regulation` varchar(255) COLLATE utf8mb4_unicode_ci NOT NULL,
  `created_at` timestamp NULL DEFAULT NULL,
  `updated_at` timestamp NULL DEFAULT NULL
) ENGINE=MyISAM DEFAULT CHARSET=utf8mb4 COLLATE=utf8mb4_unicode_ci;

--
-- Dumping data for table `regulations`
--

INSERT INTO `regulations` (`id`, `regulation`, `created_at`, `updated_at`) VALUES
(1, 'R16', NULL, NULL),
(2, 'R17', NULL, NULL),
(3, 'R18', NULL, NULL);

-- --------------------------------------------------------

--
-- Table structure for table `subjects`
--

CREATE TABLE `subjects` (
  `id` bigint(20) UNSIGNED NOT NULL,
  `regulation_id` bigint(20) UNSIGNED NOT NULL,
  `year` enum('1','2','3','4') COLLATE utf8mb4_unicode_ci NOT NULL,
  `sem` enum('1','2') COLLATE utf8mb4_unicode_ci NOT NULL,
  `name` varchar(255) COLLATE utf8mb4_unicode_ci NOT NULL,
  `credit` float NOT NULL,
  `branch_id` bigint(20) UNSIGNED NOT NULL,
  `created_at` timestamp NULL DEFAULT NULL,
  `updated_at` timestamp NULL DEFAULT NULL
) ENGINE=MyISAM DEFAULT CHARSET=utf8mb4 COLLATE=utf8mb4_unicode_ci;

--
-- Dumping data for table `subjects`
--

INSERT INTO `subjects` (`id`, `regulation_id`, `year`, `sem`, `name`, `credit`, `branch_id`, `created_at`, `updated_at`) VALUES
(3, 1, '1', '1', 'Mathematics-1', 3, 1, '2020-02-22 12:48:04', '2020-02-22 12:48:04'),
(4, 1, '1', '1', 'Engineering Chemistry', 4, 1, '2020-02-22 12:49:20', '2020-02-22 12:49:20'),
(5, 1, '1', '1', 'Engineering Physics', 3, 1, '2020-02-22 12:49:32', '2020-02-22 12:49:32'),
(6, 1, '1', '1', 'Professional Communnication in English', 3, 1, '2020-02-22 12:50:26', '2020-02-22 12:50:26'),
(7, 1, '1', '1', 'Engineering Mechanics', 3, 1, '2020-02-22 12:50:37', '2020-02-22 12:50:37'),
(8, 1, '1', '1', 'BEEE', 4, 1, '2020-02-22 12:50:45', '2020-02-22 12:50:45'),
(9, 1, '1', '1', 'English Language Communication Skills Lab', 2, 1, '2020-02-22 12:50:54', '2020-02-22 12:50:54'),
(10, 1, '1', '1', 'Engineering Workshop', 2, 1, '2020-02-22 12:51:02', '2020-02-22 12:51:02'),
(11, 1, '1', '2', 'Engineering Physics-II', 3, 1, '2020-02-22 12:54:53', '2020-02-22 12:54:53'),
(12, 1, '1', '2', 'Mathematics-II', 4, 1, '2020-02-22 12:55:04', '2020-02-22 12:55:04'),
(13, 1, '1', '2', 'Mathematics-III', 4, 1, '2020-02-22 12:55:13', '2020-02-22 12:55:13'),
(14, 1, '1', '2', 'Computer Programming in C', 3, 1, '2020-02-22 12:55:23', '2020-02-22 12:55:23'),
(15, 1, '1', '2', 'Engineering Graphics', 4, 1, '2020-02-22 12:55:34', '2020-02-22 12:55:34'),
(16, 1, '1', '2', 'Engineering Chemistry Lab', 2, 1, '2020-02-22 12:55:48', '2020-02-22 12:55:48'),
(17, 1, '1', '2', 'Engineering Physics Lab', 2, 1, '2020-02-22 12:55:56', '2020-02-22 12:55:56'),
(18, 1, '1', '2', 'Computer Programming in C Lab', 2, 1, '2020-02-22 12:56:06', '2020-02-22 12:56:06'),
(19, 1, '2', '1', 'Mathematics  IV', 4, 1, '2020-02-22 13:16:16', '2020-02-22 13:16:16'),
(20, 1, '2', '1', 'Data Structures through C++', 4, 1, '2020-02-22 13:16:26', '2020-02-22 13:16:26'),
(21, 1, '2', '1', 'Mathematical Foundations of Computer Science', 4, 1, '2020-02-22 13:16:40', '2020-02-22 13:16:40'),
(22, 1, '2', '1', 'Digital Logic Design', 3, 1, '2020-02-22 13:16:52', '2020-02-22 13:16:52'),
(23, 1, '2', '1', 'Object Oriented Programming through Java', 3, 1, '2020-02-22 13:17:05', '2020-02-22 13:17:05'),
(24, 1, '2', '1', 'Data Structures through C++ Lab', 2, 1, '2020-02-22 13:18:03', '2020-02-22 13:18:03'),
(25, 1, '2', '1', 'IT Workshop', 2, 1, '2020-02-22 13:18:12', '2020-02-22 13:18:12'),
(26, 1, '2', '1', 'Object Oriented Programming through Java Lab', 2, 1, '2020-02-22 13:18:23', '2020-02-22 13:18:23'),
(27, 1, '2', '1', 'Environmental Science and Technology', 0, 1, '2020-02-22 13:18:34', '2020-02-22 13:18:34'),
(28, 1, '2', '2', 'Computer Organization', 4, 1, '2020-02-22 13:18:54', '2020-02-22 13:18:54'),
(29, 1, '2', '2', 'Database Management Systems', 4, 1, '2020-02-22 13:19:25', '2020-02-22 13:19:25'),
(30, 1, '2', '2', 'Operating Systems', 4, 1, '2020-02-22 13:19:35', '2020-02-22 13:19:35'),
(31, 1, '2', '2', 'Formal Languages and Automata Theory', 3, 1, '2020-02-22 13:19:45', '2020-02-22 13:19:45'),
(32, 1, '2', '2', 'Business Economics and Financial Analysis', 3, 1, '2020-02-22 13:19:53', '2020-02-22 13:19:53'),
(33, 1, '2', '2', 'Computer Organization Lab', 2, 1, '2020-02-22 13:20:03', '2020-02-22 13:20:03'),
(34, 1, '2', '2', 'Database Management Systems Lab', 2, 1, '2020-02-22 13:20:27', '2020-02-22 13:20:27'),
(35, 1, '2', '2', 'Operating Systems Lab', 2, 1, '2020-02-22 13:21:15', '2020-02-22 13:21:15'),
(36, 1, '2', '2', 'Gender Sensitization Lab', 0, 1, '2020-02-22 13:21:24', '2020-02-22 13:21:24'),
(37, 1, '3', '1', 'Design and Analysis of Algorithms', 4, 1, '2020-02-22 13:21:46', '2020-02-22 13:21:46'),
(38, 1, '3', '1', 'Data Communication and Computer Networks', 4, 1, '2020-02-22 13:22:00', '2020-02-22 13:22:00'),
(39, 1, '3', '1', 'Software Engineering', 4, 1, '2020-02-22 13:22:08', '2020-02-22 13:22:08'),
(40, 1, '3', '1', 'Fundamentals of Management', 3, 1, '2020-02-22 13:22:16', '2020-02-22 13:22:16'),
(41, 1, '3', '1', 'Open Elective-I(Computer Graphics)', 3, 1, '2020-02-22 13:22:26', '2020-02-22 13:22:26'),
(42, 1, '3', '1', 'Design and Analysis of Algorithms Lab', 2, 1, '2020-02-22 13:22:39', '2020-02-22 13:22:39'),
(43, 1, '3', '1', 'Computer Networks Lab', 2, 1, '2020-02-22 13:22:48', '2020-02-22 13:22:48'),
(44, 1, '3', '1', 'Software Engineering Lab', 2, 1, '2020-02-22 13:22:56', '2020-02-22 13:22:56'),
(45, 1, '3', '1', 'Professional Ethics', 0, 1, '2020-02-22 13:23:08', '2020-02-22 13:23:08'),
(46, 1, '3', '2', 'Compiler Design', 4, 1, '2020-02-22 13:23:35', '2020-02-22 13:23:35'),
(47, 1, '3', '2', 'Web Technologies', 4, 1, '2020-02-22 13:23:42', '2020-02-22 13:23:42'),
(48, 1, '3', '2', 'Cryptography and Network Security', 4, 1, '2020-02-22 13:23:52', '2020-02-22 13:23:52'),
(49, 1, '3', '2', 'Open Elective-II(Fundementals of Robotics)', 3, 1, '2020-02-22 13:24:00', '2020-02-22 13:24:00'),
(50, 1, '3', '2', 'Professional Elective-I(IA or AI)', 3, 1, '2020-02-22 13:24:08', '2020-02-22 13:24:08'),
(51, 1, '3', '2', 'Cryptography and Network Security Lab)', 2, 1, '2020-02-22 13:24:18', '2020-02-22 13:24:18'),
(52, 1, '3', '2', 'Web Technologies Lab', 2, 1, '2020-02-22 13:24:25', '2020-02-22 13:24:25'),
(53, 1, '3', '2', 'Advanced English Communication Skills Lab', 2, 1, '2020-02-22 13:24:32', '2020-02-22 13:24:32'),
(54, 1, '4', '1', 'Data Mining', 4, 1, '2020-02-22 22:38:44', '2020-02-22 22:38:44'),
(55, 1, '4', '1', 'Principles of Programming Languages', 4, 1, '2020-02-22 22:39:03', '2020-02-22 22:39:03'),
(56, 1, '4', '1', 'Professional Elective  II', 3, 1, '2020-02-22 22:39:18', '2020-02-22 22:39:18'),
(57, 1, '4', '1', 'Professional Elective  III', 3, 1, '2020-02-22 22:39:29', '2020-02-22 22:39:29'),
(58, 1, '4', '1', 'Professional Elective  IV', 3, 1, '2020-02-22 22:39:40', '2020-02-22 22:39:40'),
(59, 1, '4', '1', 'Data Mining Lab', 2, 1, '2020-02-22 22:39:54', '2020-02-22 22:39:54'),
(60, 1, '4', '1', 'PE-II Lab', 2, 1, '2020-02-22 22:40:18', '2020-02-22 22:40:18'),
(61, 1, '4', '1', 'Industry Oriented Mini Project', 2, 1, '2020-02-22 22:42:04', '2020-02-22 22:42:04'),
(62, 1, '4', '1', 'Seminar', 1, 1, '2020-02-22 22:42:17', '2020-02-22 22:42:17'),
(63, 1, '4', '2', 'Open Elective  III', 3, 1, '2020-02-22 22:42:37', '2020-02-22 22:42:37'),
(64, 1, '4', '2', 'Professional Elective  V', 3, 1, '2020-02-22 22:42:50', '2020-02-22 22:42:50'),
(65, 1, '4', '2', 'Professional Elective  VI', 3, 1, '2020-02-22 22:43:01', '2020-02-22 22:43:01'),
(66, 1, '4', '2', 'Major Project', 15, 1, '2020-02-22 22:43:14', '2020-02-22 22:43:14'),
(68, 1, '1', '1', 'Mathematics-1', 3, 2, '2020-02-22 12:48:04', '2020-02-22 12:48:04'),
(69, 1, '1', '1', 'Engineering Chemistry', 4, 2, '2020-02-22 12:49:20', '2020-02-22 12:49:20'),
(70, 1, '1', '1', 'Engineering Physics', 3, 2, '2020-02-22 12:49:32', '2020-02-22 12:49:32'),
(71, 1, '1', '1', 'Professional Communnication in English', 3, 2, '2020-02-22 12:50:26', '2020-02-22 12:50:26'),
(72, 1, '1', '1', 'Engineering Mechanics', 3, 2, '2020-02-22 12:50:37', '2020-02-22 12:50:37'),
(73, 1, '1', '1', 'BEEE', 4, 2, '2020-02-22 12:50:45', '2020-02-22 12:50:45'),
(74, 1, '1', '1', 'English Language Communication Skills Lab', 2, 2, '2020-02-22 12:50:54', '2020-02-22 12:50:54'),
(75, 1, '1', '1', 'Engineering Workshop', 2, 2, '2020-02-22 12:51:02', '2020-02-22 12:51:02'),
(76, 1, '1', '2', 'Engineering Physics-II', 3, 2, '2020-02-22 12:54:53', '2020-02-22 12:54:53'),
(77, 1, '1', '2', 'Mathematics-II', 4, 2, '2020-02-22 12:55:04', '2020-02-22 12:55:04'),
(78, 1, '1', '2', 'Mathematics-III', 4, 2, '2020-02-22 12:55:13', '2020-02-22 12:55:13'),
(79, 1, '1', '2', 'Computer Programming in C', 3, 2, '2020-02-22 12:55:23', '2020-02-22 12:55:23'),
(80, 1, '1', '2', 'Engineering Graphics', 4, 2, '2020-02-22 12:55:34', '2020-02-22 12:55:34'),
(81, 1, '1', '2', 'Engineering Chemistry Lab', 2, 2, '2020-02-22 12:55:48', '2020-02-22 12:55:48'),
(82, 1, '1', '2', 'Engineering Physics Lab', 2, 2, '2020-02-22 12:55:56', '2020-02-22 12:55:56'),
(83, 1, '1', '2', 'Computer Programming in C Lab', 2, 2, '2020-02-22 12:56:06', '2020-02-22 12:56:06'),
(86, 1, '2', '1', 'Mathematics  IV', 4, 2, '2020-02-24 04:54:52', '2020-02-24 04:54:52'),
(87, 1, '2', '1', 'Analog Electronics', 4, 2, '2020-02-24 04:55:33', '2020-02-24 04:55:33'),
(88, 1, '2', '1', 'Electrical Technology', 4, 2, '2020-02-24 04:55:43', '2020-02-24 04:55:43'),
(89, 1, '2', '1', 'Signals and Stochastic Process', 3, 2, '2020-02-24 04:55:55', '2020-02-24 04:55:55'),
(90, 1, '2', '1', 'Network Analysis', 3, 2, '2020-02-24 04:56:04', '2020-02-24 04:56:04'),
(91, 1, '2', '1', 'Electronic Devices and Circuits Lab', 2, 2, '2020-02-24 04:56:18', '2020-02-24 04:56:18'),
(92, 1, '2', '1', 'Basic Simulation Lab', 2, 2, '2020-02-24 04:56:27', '2020-02-24 04:56:27'),
(93, 1, '2', '1', 'Basic Electrical Engineering Lab', 2, 2, '2020-02-24 04:56:36', '2020-02-24 04:56:36'),
(94, 1, '2', '2', 'Switching Theory and Logic Design', 3, 2, '2020-02-24 04:56:58', '2020-02-24 04:56:58'),
(95, 1, '2', '2', 'Pulse and Digital Circuits', 4, 2, '2020-02-24 04:57:16', '2020-02-24 04:57:16'),
(96, 1, '2', '2', 'Control Systems', 4, 2, '2020-02-24 04:57:26', '2020-02-24 04:57:26'),
(97, 1, '2', '2', 'Analog Communications', 4, 2, '2020-02-24 04:57:37', '2020-02-24 04:57:37'),
(98, 1, '2', '2', 'Business Economics and Financial Analysis', 3, 2, '2020-02-24 04:57:50', '2020-02-24 04:57:50'),
(99, 1, '2', '2', 'Analog Communications Lab', 2, 2, '2020-02-24 04:58:02', '2020-02-24 04:58:02'),
(100, 1, '2', '2', 'Pulse and Digital Circuits Lab', 2, 2, '2020-02-24 04:58:10', '2020-02-24 04:58:10'),
(101, 1, '2', '2', 'Analog Electronics Lab', 2, 2, '2020-02-24 04:58:20', '2020-02-24 04:58:20'),
(102, 1, '3', '1', 'Electromagnetic Theory and Transmission Lines', 4, 2, '2020-02-24 05:03:09', '2020-02-24 05:03:09'),
(103, 1, '3', '1', 'Linear and Digital IC Applications', 4, 2, '2020-02-24 05:03:24', '2020-02-24 05:03:24'),
(104, 1, '3', '1', 'Digital Communications', 4, 2, '2020-02-24 05:03:33', '2020-02-24 05:03:33'),
(105, 1, '3', '1', 'Fundamentals of Management', 3, 2, '2020-02-24 05:03:41', '2020-02-24 05:03:41'),
(106, 1, '3', '1', 'Open Elective  I', 3, 2, '2020-02-24 05:04:16', '2020-02-24 05:04:16'),
(107, 1, '3', '1', 'Linear IC Applications Lab', 2, 2, '2020-02-24 05:04:28', '2020-02-24 05:04:28'),
(108, 1, '3', '1', 'Digital IC Applications Lab', 2, 2, '2020-02-24 05:04:37', '2020-02-24 05:04:37'),
(109, 1, '3', '1', 'Digital Communications Lab', 2, 2, '2020-02-24 05:04:51', '2020-02-24 05:04:51'),
(110, 1, '3', '1', 'Professional Ethics', 0, 2, '2020-02-24 05:05:02', '2020-02-24 05:05:02'),
(111, 1, '3', '2', 'Open Elective-II', 3, 2, '2020-02-24 05:05:15', '2020-02-24 05:05:15'),
(112, 1, '3', '2', 'Professional Elective-I', 3, 2, '2020-02-24 05:05:31', '2020-02-24 05:05:31'),
(113, 1, '3', '2', 'Antennas and Wave Propagation', 4, 2, '2020-02-24 05:05:44', '2020-02-24 05:05:44'),
(114, 1, '3', '2', 'Microprocessors and Microcontrollers', 4, 2, '2020-02-24 05:05:55', '2020-02-24 05:05:55'),
(115, 1, '3', '2', 'Digital Signal Processing', 4, 2, '2020-02-24 05:06:08', '2020-02-24 05:06:08'),
(116, 1, '3', '2', 'Digital Signal Processing Lab', 2, 2, '2020-02-24 05:06:17', '2020-02-24 05:06:17'),
(117, 1, '3', '2', 'Microprocessors and Microcontrollers Lab', 2, 2, '2020-02-24 05:06:26', '2020-02-24 05:06:26'),
(118, 1, '3', '2', 'Advanced English Communication Skills Lab', 2, 2, '2020-02-24 05:06:38', '2020-02-24 05:06:38'),
(119, 1, '2', '2', 'Computer Organization', 4, 4, '2020-02-22 13:18:54', '2020-02-22 13:18:54'),
(120, 1, '2', '2', 'Database Management Systems', 4, 4, '2020-02-22 13:19:25', '2020-02-22 13:19:25'),
(121, 1, '2', '2', 'Operating Systems', 4, 4, '2020-02-22 13:19:35', '2020-02-22 13:19:35'),
(122, 1, '2', '2', 'Formal Languages and Automata Theory', 3, 4, '2020-02-22 13:19:45', '2020-02-22 13:19:45'),
(123, 1, '2', '2', 'Business Economics and Financial Analysis', 3, 4, '2020-02-22 13:19:53', '2020-02-22 13:19:53'),
(124, 1, '2', '2', 'Computer Organization Lab', 2, 4, '2020-02-22 13:20:03', '2020-02-22 13:20:03'),
(125, 1, '2', '2', 'Database Management Systems Lab', 2, 4, '2020-02-22 13:20:27', '2020-02-22 13:20:27'),
(126, 1, '2', '2', 'Operating Systems Lab', 2, 4, '2020-02-22 13:21:15', '2020-02-22 13:21:15'),
(127, 1, '2', '2', 'Gender Sensitization Lab', 0, 4, '2020-02-22 13:21:24', '2020-02-22 13:21:24'),
(128, 1, '2', '1', 'Mathematics  IV', 4, 4, '2020-02-22 13:16:16', '2020-02-22 13:16:16'),
(129, 1, '2', '1', 'Data Structures through C++', 4, 4, '2020-02-22 13:16:26', '2020-02-22 13:16:26'),
(130, 1, '2', '1', 'Mathematical Foundations of Computer Science', 4, 4, '2020-02-22 13:16:40', '2020-02-22 13:16:40'),
(131, 1, '2', '1', 'Digital Logic Design', 3, 4, '2020-02-22 13:16:52', '2020-02-22 13:16:52'),
(132, 1, '2', '1', 'Object Oriented Programming through Java', 3, 4, '2020-02-22 13:17:05', '2020-02-22 13:17:05'),
(133, 1, '2', '1', 'Data Structures through C++ Lab', 2, 4, '2020-02-22 13:18:03', '2020-02-22 13:18:03'),
(134, 1, '2', '1', 'IT Workshop', 2, 4, '2020-02-22 13:18:12', '2020-02-22 13:18:12'),
(135, 1, '2', '1', 'Object Oriented Programming through Java Lab', 2, 4, '2020-02-22 13:18:23', '2020-02-22 13:18:23'),
(136, 1, '2', '1', 'Environmental Science and Technology', 0, 4, '2020-02-22 13:18:34', '2020-02-22 13:18:34'),
(137, 1, '1', '2', 'Engineering Physics-II', 3, 4, '2020-02-22 12:54:53', '2020-02-22 12:54:53'),
(138, 1, '1', '2', 'Mathematics-II', 4, 4, '2020-02-22 12:55:04', '2020-02-22 12:55:04'),
(139, 1, '1', '2', 'Mathematics-III', 4, 4, '2020-02-22 12:55:13', '2020-02-22 12:55:13'),
(140, 1, '1', '2', 'Computer Programming in C', 3, 4, '2020-02-22 12:55:23', '2020-02-22 12:55:23'),
(141, 1, '1', '2', 'Engineering Graphics', 4, 4, '2020-02-22 12:55:34', '2020-02-22 12:55:34'),
(142, 1, '1', '2', 'Engineering Chemistry Lab', 2, 4, '2020-02-22 12:55:48', '2020-02-22 12:55:48'),
(143, 1, '1', '2', 'Engineering Physics Lab', 2, 4, '2020-02-22 12:55:56', '2020-02-22 12:55:56'),
(144, 1, '1', '2', 'Computer Programming in C Lab', 2, 4, '2020-02-22 12:56:06', '2020-02-22 12:56:06'),
(145, 1, '1', '1', 'Mathematics-1', 3, 4, '2020-02-22 12:48:04', '2020-02-22 12:48:04'),
(146, 1, '1', '1', 'Engineering Chemistry', 4, 4, '2020-02-22 12:49:20', '2020-02-22 12:49:20'),
(147, 1, '1', '1', 'Engineering Physics', 3, 4, '2020-02-22 12:49:32', '2020-02-22 12:49:32'),
(148, 1, '1', '1', 'Professional Communnication in English', 3, 4, '2020-02-22 12:50:26', '2020-02-22 12:50:26'),
(149, 1, '1', '1', 'Engineering Mechanics', 3, 4, '2020-02-22 12:50:37', '2020-02-22 12:50:37'),
(150, 1, '1', '1', 'BEEE', 4, 4, '2020-02-22 12:50:45', '2020-02-22 12:50:45'),
(151, 1, '1', '1', 'English Language Communication Skills Lab', 2, 4, '2020-02-22 12:50:54', '2020-02-22 12:50:54'),
(152, 1, '1', '1', 'Engineering Workshop', 2, 4, '2020-02-22 12:51:02', '2020-02-22 12:51:02'),
(153, 1, '3', '1', 'Design and Analysis of Algorithms', 4, 4, '2020-02-22 13:21:46', '2020-02-22 13:21:46'),
(154, 1, '3', '1', 'Data Communication and Computer Networks', 4, 4, '2020-02-22 13:22:00', '2020-02-22 13:22:00'),
(155, 1, '3', '1', 'Software Engineering', 4, 4, '2020-02-22 13:22:08', '2020-02-22 13:22:08'),
(156, 1, '3', '1', 'Fundamentals of Management', 3, 4, '2020-02-22 13:22:16', '2020-02-22 13:22:16'),
(157, 1, '3', '1', 'Open Elective-I(Computer Graphics)', 3, 4, '2020-02-22 13:22:26', '2020-02-22 13:22:26'),
(158, 1, '3', '1', 'Design and Analysis of Algorithms Lab', 2, 4, '2020-02-22 13:22:39', '2020-02-22 13:22:39'),
(159, 1, '3', '1', 'Computer Networks Lab', 2, 4, '2020-02-22 13:22:48', '2020-02-22 13:22:48'),
(160, 1, '3', '1', 'Software Engineering Lab', 2, 4, '2020-02-22 13:22:56', '2020-02-22 13:22:56'),
(161, 1, '3', '1', 'Professional Ethics', 0, 4, '2020-02-22 13:23:08', '2020-02-22 13:23:08'),
(162, 1, '3', '2', 'Web Technologies', 4, 4, '2020-02-22 13:23:42', '2020-02-22 13:23:42'),
(163, 1, '3', '2', 'Cryptography and Network Security', 4, 4, '2020-02-22 13:23:52', '2020-02-22 13:23:52'),
(164, 1, '3', '2', 'Open Elective-II(Fundementals of Robotics)', 3, 4, '2020-02-22 13:24:00', '2020-02-22 13:24:00'),
(165, 1, '3', '2', 'Professional Elective-I(IA or AI)', 3, 4, '2020-02-22 13:24:08', '2020-02-22 13:24:08'),
(166, 1, '3', '2', 'Cryptography and Network Security Lab)', 2, 4, '2020-02-22 13:24:18', '2020-02-22 13:24:18'),
(167, 1, '3', '2', 'Web Technologies Lab', 2, 4, '2020-02-22 13:24:25', '2020-02-22 13:24:25'),
(168, 1, '3', '2', 'Advanced English Communication Skills Lab', 2, 4, '2020-02-22 13:24:32', '2020-02-22 13:24:32'),
(169, 1, '3', '2', 'Compiler Design', 4, 4, '2020-02-22 13:23:35', '2020-02-22 13:23:35'),
(170, 1, '1', '1', 'Mathematics-I', 3, 5, '2020-02-24 05:23:54', '2020-02-24 05:23:54'),
(171, 1, '1', '1', 'Mathematics-II', 4, 5, '2020-02-24 05:24:55', '2020-02-24 05:24:55'),
(172, 1, '1', '1', 'Engineering Physics', 3, 5, '2020-02-24 05:25:10', '2020-02-24 05:25:10'),
(173, 1, '1', '1', 'Computer Programming in C', 3, 5, '2020-02-24 05:25:24', '2020-02-24 05:25:24'),
(174, 1, '1', '1', 'Engineering Mechanics', 3, 5, '2020-02-24 05:25:41', '2020-02-24 05:25:41'),
(175, 1, '1', '1', 'Engineering Graphics', 4, 5, '2020-02-24 05:25:54', '2020-02-24 05:25:54'),
(176, 1, '1', '1', 'Engineering Physics Lab', 2, 5, '2020-02-24 05:26:26', '2020-02-24 05:26:26'),
(177, 1, '1', '1', 'Computer Programming in C Lab', 2, 5, '2020-02-24 05:26:43', '2020-02-24 05:26:43'),
(178, 1, '1', '2', 'Applied Physics', 3, 5, '2020-02-24 05:27:16', '2020-02-24 05:27:16'),
(179, 1, '1', '2', 'Engineering Chemistry', 4, 5, '2020-02-24 05:27:32', '2020-02-24 05:27:32'),
(180, 1, '1', '2', 'Mathematics-III', 4, 5, '2020-02-24 05:27:47', '2020-02-24 05:27:47'),
(181, 1, '1', '2', 'Professional Communication in English', 3, 5, '2020-02-24 05:28:13', '2020-02-24 05:28:13'),
(182, 1, '1', '2', 'BEEE', 4, 5, '2020-02-24 05:28:27', '2020-02-24 05:28:27'),
(183, 1, '1', '2', 'Engineering Chemistry Lab', 2, 5, '2020-02-24 05:28:42', '2020-02-24 05:28:42'),
(184, 1, '1', '2', 'English Language Communication Skills Lab', 2, 5, '2020-02-24 05:29:09', '2020-02-24 05:29:09'),
(185, 1, '1', '2', 'Engineering Workshop', 3, 5, '2020-02-24 05:29:30', '2020-02-24 05:29:30'),
(186, 1, '2', '1', 'Mathematics - IV', 4, 5, '2020-02-24 05:29:59', '2020-02-24 05:29:59'),
(187, 1, '2', '1', 'Thermodynamics', 4, 5, '2020-02-24 05:30:08', '2020-02-24 05:30:08'),
(188, 1, '2', '1', 'TKinematics of Machinery', 4, 5, '2020-02-24 05:30:18', '2020-02-24 05:30:18'),
(189, 1, '2', '1', 'Metallurgy and Material Science', 3, 5, '2020-02-24 05:30:29', '2020-02-24 05:30:29'),
(190, 1, '2', '1', 'Mechanics of Solids', 3, 5, '2020-02-24 05:30:51', '2020-02-24 05:30:51'),
(191, 1, '2', '1', 'Fuels and Lubricants Lab', 2, 5, '2020-02-24 05:31:02', '2020-02-24 05:31:02'),
(192, 1, '2', '1', 'Mechanics of Solids Lab', 2, 5, '2020-02-24 05:31:16', '2020-02-24 05:31:16'),
(193, 1, '2', '1', 'Metallurgy and Material Science Lab', 2, 5, '2020-02-24 05:31:27', '2020-02-24 05:31:27'),
(194, 1, '2', '2', 'Dynamics of Machinery', 4, 5, '2020-02-24 05:31:44', '2020-02-24 05:31:44'),
(195, 1, '2', '2', 'Fluid Mechanics and Hydraulic Machines', 4, 5, '2020-02-24 05:31:53', '2020-02-24 05:31:53'),
(196, 1, '2', '2', 'Machine Drawing', 4, 5, '2020-02-24 05:32:05', '2020-02-24 05:32:05'),
(197, 1, '2', '2', 'Manufacturing Process', 3, 5, '2020-02-24 05:32:14', '2020-02-24 05:32:14'),
(198, 1, '2', '2', 'Business Economic and Financial Analysis', 3, 5, '2020-02-24 05:32:24', '2020-02-24 05:32:24'),
(199, 1, '2', '2', 'Kinematics and Dynamics Lab', 2, 5, '2020-02-24 05:32:41', '2020-02-24 05:32:41'),
(200, 1, '2', '2', 'Fluid Mechanics and Hydraulic Machines Lab', 2, 5, '2020-02-24 05:32:52', '2020-02-24 05:32:52'),
(201, 1, '2', '2', 'Manufacturing Process Lab', 2, 5, '2020-02-24 05:33:01', '2020-02-24 05:33:01'),
(202, 1, '3', '1', 'Design of Machine Members - I', 4, 5, '2020-02-24 05:33:32', '2020-02-24 05:33:32'),
(203, 1, '3', '1', 'Thermal Engineering-I', 4, 5, '2020-02-24 05:33:44', '2020-02-24 05:33:44'),
(204, 1, '3', '1', 'Metrology and Machine Tools', 4, 5, '2020-02-24 05:33:54', '2020-02-24 05:33:54'),
(205, 1, '3', '1', 'Fundamentals of Management', 3, 5, '2020-02-24 05:34:06', '2020-02-24 05:34:06'),
(206, 1, '3', '1', 'Open Elective  I', 3, 5, '2020-02-24 05:34:14', '2020-02-24 05:34:14'),
(207, 1, '3', '1', 'Thermal Engineering Lab', 2, 5, '2020-02-24 05:34:25', '2020-02-24 05:34:25'),
(208, 1, '3', '1', 'Thermal Engineering LabMachine Tools Lab', 2, 5, '2020-02-24 05:34:34', '2020-02-24 05:34:34'),
(209, 1, '3', '1', 'Engineering Metrology Lab', 2, 5, '2020-02-24 05:34:44', '2020-02-24 05:34:44'),
(210, 1, '3', '1', 'Professional Ethics', 0, 5, '2020-02-24 05:35:03', '2020-02-24 05:35:03'),
(211, 1, '3', '2', 'Thermal Engineering II', 4, 5, '2020-02-24 05:35:19', '2020-02-24 05:35:19'),
(212, 1, '3', '2', 'Design of Machine Members-II', 4, 5, '2020-02-24 05:35:34', '2020-02-24 05:35:34'),
(213, 1, '3', '2', 'Heat Transfer', 4, 5, '2020-02-24 05:35:49', '2020-02-24 05:35:49'),
(214, 1, '3', '2', 'Open Elective - II', 3, 5, '2020-02-24 05:35:59', '2020-02-24 05:35:59'),
(215, 1, '3', '2', 'Professional Elective - I', 3, 5, '2020-02-24 05:36:10', '2020-02-24 05:36:10'),
(216, 1, '3', '2', 'Heat Transfer Lab', 2, 5, '2020-02-24 05:36:35', '2020-02-24 05:36:35'),
(217, 1, '3', '2', 'CADD and MATLAB', 2, 5, '2020-02-24 05:36:46', '2020-02-24 05:36:46'),
(218, 1, '3', '2', 'Advanced English Communication Skills Lab', 2, 5, '2020-02-24 05:36:56', '2020-02-24 05:36:56');

-- --------------------------------------------------------

--
-- Table structure for table `tracks`
--

CREATE TABLE `tracks` (
  `id` bigint(20) UNSIGNED NOT NULL,
  `name` varchar(255) COLLATE utf8mb4_unicode_ci NOT NULL,
  `user_datas_id` bigint(20) UNSIGNED NOT NULL,
  `created_at` timestamp NULL DEFAULT NULL,
  `updated_at` timestamp NULL DEFAULT NULL
) ENGINE=MyISAM DEFAULT CHARSET=utf8mb4 COLLATE=utf8mb4_unicode_ci;

--
-- Dumping data for table `tracks`
--

INSERT INTO `tracks` (`id`, `name`, `user_datas_id`, `created_at`, `updated_at`) VALUES
(1, 'whatsapp', 242, '2020-02-25 19:43:40', '2020-02-25 19:43:40'),
(2, 'github', 779, '2020-02-25 19:47:03', '2020-02-25 19:47:03'),
(3, 'facebook', 791, '2020-02-26 14:05:06', '2020-02-26 14:05:06'),
(4, 'github', 9, '2020-08-06 19:39:59', '2020-08-06 19:39:59'),
(5, 'whatsapp', 1154, '2020-08-18 17:12:14', '2020-08-18 17:12:14'),
(6, 'github', 1245, '2021-01-27 09:27:54', '2021-01-27 09:27:54');

-- --------------------------------------------------------

--
-- Table structure for table `users`
--

CREATE TABLE `users` (
  `id` bigint(20) UNSIGNED NOT NULL,
  `name` varchar(255) COLLATE utf8mb4_unicode_ci NOT NULL,
  `regulation_id` bigint(20) UNSIGNED NOT NULL,
  `branch_id` bigint(20) UNSIGNED NOT NULL,
  `email` varchar(255) COLLATE utf8mb4_unicode_ci NOT NULL,
  `role` tinyint(4) DEFAULT NULL,
  `email_verified_at` timestamp NULL DEFAULT NULL,
  `password` varchar(255) COLLATE utf8mb4_unicode_ci NOT NULL,
  `remember_token` varchar(100) COLLATE utf8mb4_unicode_ci DEFAULT NULL,
  `created_at` timestamp NULL DEFAULT NULL,
  `updated_at` timestamp NULL DEFAULT NULL
) ENGINE=MyISAM DEFAULT CHARSET=utf8mb4 COLLATE=utf8mb4_unicode_ci;

--
-- Dumping data for table `users`
--

INSERT INTO `users` (`id`, `name`, `regulation_id`, `branch_id`, `email`, `role`, `email_verified_at`, `password`, `remember_token`, `created_at`, `updated_at`) VALUES
(1, 'Mohammed Omar', 1, 1, 'omarmd2311@gmail.com', NULL, NULL, '$2y$10$29fbDlFHQMq.Qx6EajO8J.JBWigZhTliYBV7CPMaaIeC7uYslg/eG', 'TNdugez2RFB7XPFDTr07bE16BMLj2KZVy6P2auLURTG7lRt327dukoMTWKqX', '2020-05-03 05:08:48', '2020-05-03 05:08:48'),
(2, 'omar', 1, 1, 'omar23111999@gmail.com', NULL, NULL, '$2y$10$CkOPhAb7ttq1RD/SEaxxfe0QZ5ts3vWQMC5Bo5I/Ki7GN05iHRLgO', NULL, '2020-05-03 13:07:47', '2020-05-03 13:07:47'),
(3, 'ooo', 3, 1, 'o@o.com', NULL, NULL, '$2y$10$ClcIH2YLQoO9YLCrWB7rgOBeRRUH9lop.RrRBMeAOM0ojB.i8OEca', NULL, '2020-05-03 14:44:30', '2020-05-03 14:44:30'),
(4, 'K.Maneesha', 1, 1, 'maneeshakaligithi230@gmail.com', NULL, NULL, '$2y$10$PtDkErTtj2.CtLmTFUYLyuJ2HjzKwC.JvxgTrNA2QfsBFC2kkD946', 'WRvPiQ0M4xhAdBfAARonPtSBDmbt3ovu9EIuWTTw2UPqfBmBWuuJYUHPEeeY', '2020-05-03 16:59:25', '2020-05-03 16:59:25'),
(5, 'karra karthik reddy', 1, 1, 'karrakarthikreddy77@gmail.com', NULL, NULL, '$2y$10$Jxr2yx.FY0cIcsc9wFrFDuRDou995KcYwC4Ydfc27FQ8LMzMPGyMC', NULL, '2020-05-20 16:21:54', '2020-05-20 16:21:54'),
(6, 'Y Naveen Aravind Reddy', 1, 1, 'ynaveen.aravind@gmail.com', NULL, NULL, '$2y$10$BEy9YcOch63TycDeYEXrgu8s0NuWJ2uMM/KhyFQbSFVRiCF5pqLom', 'e9i5iorTUpmRqNEFztCJhRUEHYbSV9m7qBHVDEwqFmA7vkqPYNhO5EX31NyF', '2020-07-08 12:29:09', '2020-07-08 12:29:09'),
(7, 'Yamini', 1, 1, 'yerrayamini2000@gmail.com', NULL, NULL, '$2y$10$YHHsZEyLOJONVJcbqQHFK.po1mPQd4x3JyvwiTCBK0IdvOy24ABVS', 'B6KhrQGooAo2RNMKu0sxcAdt5rapmIJo6mt0wYgWoDe7mb1tRugvkJIgBHOD', '2020-07-08 12:31:22', '2021-04-06 12:44:57'),
(8, 'RAVITEJA YERUVA', 1, 1, 'yeruvateja7@gmail.com', NULL, NULL, '$2y$10$U6E.zYlYukiaF499BxF5d.P/ILDFmyvX4MgzFinJzm4wwj2sF5462', NULL, '2020-07-27 12:25:53', '2020-07-27 12:25:53'),
(9, 'manikanth', 1, 1, 'manikanth8125@gmail.com', NULL, NULL, '$2y$10$xuVmBMqEckaMjm4m05H6je7kdyNbE00pjErqVj6rpWVoBCVizwq4i', 'uIxgKkIa3rUirlyjwJpNNn3JjbuqshxxNKE6CVdP5Qzq2K4asXRxOJmBA70k', '2020-08-04 19:02:53', '2020-08-06 20:21:47'),
(10, 'omar', 1, 1, 'test@t.com', NULL, NULL, '$2y$10$CTtz9JumwOKkesz4qSKzcO.GJoj/Nx2eVHurFGERbqMmPmpGMG.z6', NULL, '2020-08-06 19:36:05', '2020-08-06 19:36:05'),
(11, 'swapna', 1, 1, 'swapnabheemireddy99@gmail.com', NULL, NULL, '$2y$10$oNY15pTF3jA9KgTcaUNF2..//H3uVALNWyavLeQmZc0nGj3bidVTK', 'lQBsvrO4KNEBy5KSCPH9ksZu2fSTQQUZIb1yqaoE0BvbgclprQ2PLJopTZfP', '2020-08-06 20:12:20', '2020-08-06 20:12:20'),
(12, 'Korrakuti indhra venkata sai kumar', 1, 1, 'kumarsai337@gmail.com', NULL, NULL, '$2y$10$m08lan/d3hf1EoaMiciqyuth3hSZFqbu8HS/QVJeAksVnCT7FYHmS', 'x7DQjZUPagUaAao7jum7VboVMckAGtXPsOoN7oTlGk2NvJvsjiT83RN0Kux5', '2020-08-07 15:00:02', '2020-08-07 15:00:02'),
(13, 'Roshan', 1, 1, 'roshanpoddaturi@gmail.com', NULL, NULL, '$2y$10$LMuf6lgm2CiNUr2p3IVBn.K25ygwvXOn73Tb1i2zpec6kD1jPTyI2', NULL, '2020-08-08 02:43:56', '2020-08-08 02:43:56'),
(14, 'Shanza Khan', 1, 1, 'shanzakhan4527@gmail.com', NULL, NULL, '$2y$10$kOI5T/B.I8rf3BuCc2NlL.4viuAKHxKwFADBfeI.Vco8JQpey4J0O', NULL, '2020-08-08 19:09:52', '2020-08-08 19:09:52'),
(15, 'Srikanth Chinny! ', 1, 1, 'srikanththadaka3@gmail.com', NULL, NULL, '$2y$10$kn45en7/SmNnDcdRTTGeY.Z0UQkN6MFt6CWAH5NgfeDB5BbXB8SJO', NULL, '2020-10-08 13:54:33', '2020-10-08 13:54:33'),
(16, 'Perumandla rahul', 1, 1, 'rahuldravid12342@gmail.com', NULL, NULL, '$2y$10$rPcg1GNWnuuvEmHfGdTJ4etA/QH8Q7jbdzFxeDoakDT7svjVBapyq', NULL, '2020-11-02 06:31:04', '2020-11-02 06:31:04'),
(17, 'Madhan Kumar', 1, 1, 'madhan.perikala@gmail.com', NULL, NULL, '$2y$10$VOWxIZMyqsVN8VKpxbPH..kALQKqIeMG3aSn89UIbkcMK21YsX7f6', NULL, '2020-11-02 08:35:13', '2020-11-02 08:35:13'),
(18, 'Bongurala soumya', 1, 1, 'soumya123bhowre@gmail.com', NULL, NULL, '$2y$10$uXY.dSExGvVt7d61nexEKecejQDOvWJYNNjwqPkmWgeUqZ46tfr4.', NULL, '2020-11-02 09:23:11', '2020-11-02 09:23:11'),
(19, 'Emidi Achyuth Prabhakar', 1, 1, 'achyuthking9@gmail.com', NULL, NULL, '$2y$10$1rV5.JeHWVXmYTcJOyrD0uOzcxQ3elfg3lKnrgaN5E.2t.IjMUQli', NULL, '2020-12-29 10:41:27', '2020-12-29 10:41:27'),
(20, 'Orsu vamshi kumar', 1, 1, 'nissyvamshi32@gmail.com', NULL, NULL, '$2y$10$mSZzL2haZr15PSFkA/4B6uZwQKVOSBYrt.ks28hqfTfrTBKFldW1m', NULL, '2021-01-11 19:56:24', '2021-01-11 19:56:24'),
(21, 'Pavithra', 1, 1, 'jadavpavithra@gmail.com', NULL, NULL, '$2y$10$Y9mp4RDyaRy5QJLpRSVbneHLe1Z4KRSEUqwRrI3IPLVkQ3rUM7yNq', NULL, '2021-01-11 20:08:13', '2021-01-11 20:08:13'),
(22, 'Vamshi', 1, 1, 'srivanisri477@gmail.com', NULL, NULL, '$2y$10$lEEK8ZK.gq5mTxNFaRyydukTWFsVDm2NcdUW42Wzm0dxwA81e2YA.', NULL, '2021-01-11 20:13:43', '2021-01-11 20:13:43'),
(23, 'Dhatrika keerthi', 1, 1, 'keerthidhatrika99@gmail.com', NULL, NULL, '$2y$10$M7WGDkXtvgVGWkESp0gbPO01WqBeHccKhYQinpYEUOqNxtFEc1eJG', NULL, '2021-01-18 16:15:04', '2021-01-18 16:15:04'),
(24, 'Bhuvaneshwari Nuna', 1, 1, 'aliyahoney12@gmail.com', NULL, NULL, '$2y$10$OZLkvauQuXv6/VgmfUvIbunjsNwtl71mJbf8KnhF2wHsrDV2ENHzy', NULL, '2021-01-19 14:17:53', '2021-01-19 14:17:53'),
(25, 'PRAVEEN TEJA DEVARAJUGATTU', 1, 1, 'praveenteja4890@gmail.com', NULL, NULL, '$2y$10$2Xfsl/VdlrDNG7SHRcChxOLpf6Q9NSNFpBKLDDSE2JLVs4GMf7KlS', NULL, '2021-01-21 21:36:38', '2021-01-21 21:36:38'),
(26, 'Jaitej Reddy', 1, 1, 'jaitejfeb4@gmail.com', NULL, NULL, '$2y$10$akmEHEEzFw5D4vaQoV0sQOBQLSODg8on9XiXjok.mZ4s0YxS4HReS', NULL, '2021-01-22 14:04:27', '2021-01-22 14:04:27'),
(27, 'Jaideep Reddy Gade', 1, 1, 'jaideepfeb4@gmail.com', NULL, NULL, '$2y$10$TZXUYPL2Ng52lPCEZzumYehjmRXONFlX.qUSe15v3XpAEfH5ElW.O', NULL, '2021-01-22 14:13:35', '2021-01-22 14:13:35'),
(28, 'Abhi Shek', 1, 1, 'cabhishek316@gmail.com', NULL, NULL, '$2y$10$tLiL788F.PbaL3omgHLtsOt/Fz2HtUO633dvt3v06kSx7c3ZFoW56', NULL, '2021-01-23 18:26:50', '2021-01-23 18:26:50'),
(29, 'shetal kothari', 1, 1, 'shetalkothari03@gmail.com', NULL, NULL, '$2y$10$r0XPYtwwft4RCQFyJ3ed4uU.qv08ZfzJQadFwJ1wyp.ZT4YxV85Ha', NULL, '2021-01-24 20:53:48', '2021-01-24 20:53:48'),
(30, 'kasha sumanth', 1, 1, 'ksumanth.kasha1999@gmail.com', NULL, NULL, '$2y$10$FSXj0S8FvmA/PgjioTd6e.aF2X.Jpnjv9apo12Bqd5H2WNKlp07yK', 'nlWh75BDOT6OXi8YlnR3AmUMdL0rODAq7BuKNFBXcEJaPxPoIJb6NYD3BqUN', '2021-01-25 21:21:38', '2021-01-25 21:21:38'),
(31, 'Santhosh', 1, 1, 'Santhoshgurajada01@gmail.com', NULL, NULL, '$2y$10$uk7n13wxLs3d5fERWoZpLeZmDhABCYfMJJtKkuOuvOdNBR36yti26', NULL, '2021-01-27 09:11:11', '2021-01-27 09:11:11'),
(32, 'Rahul', 1, 1, 'drahul982@gmail.com', NULL, NULL, '$2y$10$8fIjLs4Md7UXahF7DMoTD.MVk2R23w1zNJGwu2S.RC9.SMcCkMWgG', NULL, '2021-01-27 09:36:18', '2021-01-27 09:36:18'),
(33, 'Vishnu Vardhan', 1, 1, 'vishnuvardhan1718@gmail.com', NULL, NULL, '$2y$10$bYky3pZi3n2ZoS6OAnEof.ScZkSwjhzm.3SBO1iPc/1EnmTeU9DWi', NULL, '2021-02-11 19:17:45', '2021-02-11 19:17:45'),
(34, 'manish kumar', 1, 1, 'manishkothlapuram818@gmail.com', NULL, NULL, '$2y$10$UfB5Lo.Re8E.aT4lZYBFMOcO8BINUPfJ0B1lKuC2mO9qeWgjGSKqy', NULL, '2021-02-13 09:47:46', '2021-02-13 09:47:46'),
(35, 'Jammula David', 1, 1, 'jammuladavid143@gmail.com', NULL, NULL, '$2y$10$rqkP65hAhdDinQtd5hNmv.qNcwmWJFcFBj8KDn.W5OtQ0euD2tcB.', NULL, '2021-02-13 10:12:41', '2021-02-13 10:12:41'),
(36, 'A. Harshavardhan', 1, 1, 'harshaamballa451@gmail.com', NULL, NULL, '$2y$10$/XIEttgBENwvtcDV57Mr.OP1J3kuQ66I4z3bInQEpYadDkb5JKVc6', NULL, '2021-03-05 12:54:22', '2021-03-05 12:54:22'),
(37, 'sumanth', 1, 1, 'sathyasumanth.uppu@gmail.com', NULL, NULL, '$2y$10$yTUxOWvbFpOJnDYI//eF5OvC2jXqJTthyJL5KF1E02ld.KAhMb4My', NULL, '2021-03-11 07:44:38', '2021-03-11 07:44:38'),
(38, 'Pachange Divya', 1, 1, 'divyapachange@9343email.com', NULL, NULL, '$2y$10$6JubDxgLnb5fzVJg1kVngu2Pj7wFQ5NMamWDoS914Iix2Ja7aL4Aq', NULL, '2021-04-08 22:15:52', '2021-04-08 22:15:52'),
(39, 'Sai Kumar', 1, 1, 'sai27642@gmail.com', NULL, NULL, '$2y$10$UrXBVZoi0fm9JWIC/CFsBuxvB1Yc.0qVLNAvBhZV0EG2ZwRA.pj6u', NULL, '2021-04-12 08:47:58', '2021-04-12 08:47:58'),
(40, 'K Saikiran', 1, 1, 'kiransai0074@gmail.com', NULL, NULL, '$2y$10$pPLI4h2lj6l/wvF4woyuVe5q/1e.gEJeiSYfWAkZ2B6j2hHW/qF9.', NULL, '2021-04-12 17:10:25', '2021-04-12 17:10:25'),
(41, 'Ravi', 1, 1, 'ravi@gmail.com', NULL, NULL, '$2y$10$dE/1bzFBjzWg0FAxdHSenuFyrV.tDhO739N6tgmsHgtBXW05xisvy', NULL, '2021-05-22 18:26:28', '2021-05-22 18:26:28');

-- --------------------------------------------------------

--
-- Table structure for table `user_datas`
--

CREATE TABLE `user_datas` (
  `id` bigint(20) UNSIGNED NOT NULL,
  `ip_address` varchar(255) COLLATE utf8mb4_unicode_ci DEFAULT NULL,
  `name` varchar(255) COLLATE utf8mb4_unicode_ci NOT NULL,
  `regulation_id` bigint(20) UNSIGNED NOT NULL,
  `branch_id` bigint(20) UNSIGNED NOT NULL,
  `created_at` timestamp NULL DEFAULT NULL,
  `updated_at` timestamp NULL DEFAULT NULL
) ENGINE=MyISAM DEFAULT CHARSET=utf8mb4 COLLATE=utf8mb4_unicode_ci;

--
-- Dumping data for table `user_datas`
--

INSERT INTO `user_datas` (`id`, `ip_address`, `name`, `regulation_id`, `branch_id`, `created_at`, `updated_at`) VALUES
(135, '183.83.236.207', 'omar', 1, 1, '2020-02-24 11:24:42', '2020-02-24 11:24:42'),
(136, '106.220.123.167', 'mohammed omar', 1, 1, '2020-02-24 11:35:01', '2020-02-24 11:35:01'),
(137, '183.83.237.14', 'omar', 1, 1, '2020-02-24 11:53:29', '2020-02-24 11:53:29'),
(138, '183.83.237.14', 'mohammed omar', 1, 1, '2020-02-24 12:24:40', '2020-02-24 12:24:40'),
(139, '172.68.167.73', 'omar', 1, 1, '2020-02-24 12:25:03', '2020-02-24 12:25:03'),
(140, '141.101.99.188', '1', 1, 1, '2020-02-24 12:31:18', '2020-02-24 12:31:18'),
(141, '172.68.167.103', 'omar', 1, 1, '2020-02-24 12:32:24', '2020-02-24 12:32:24'),
(142, '172.68.167.79', 'omar', 1, 1, '2020-02-24 12:39:57', '2020-02-24 12:39:57'),
(143, '172.68.167.73', 'fjhjf', 2, 1, '2020-02-24 12:50:59', '2020-02-24 12:50:59'),
(144, '162.158.158.102', 'Hsjsj', 3, 1, '2020-02-24 12:52:27', '2020-02-24 12:52:27'),
(145, '162.158.154.46', 'Jsjs', 1, 1, '2020-02-24 12:52:47', '2020-02-24 12:52:47'),
(146, '172.68.167.79', 'test', 1, 1, '2020-02-24 12:59:46', '2020-02-24 12:59:46'),
(147, '172.68.167.79', 'tesgt', 1, 1, '2020-02-24 12:59:58', '2020-02-24 12:59:58'),
(148, '172.69.135.243', 'Rajesh', 1, 1, '2020-02-24 13:01:37', '2020-02-24 13:01:37'),
(149, '172.69.135.55', 'Gg', 1, 1, '2020-02-24 13:01:47', '2020-02-24 13:01:47'),
(150, '172.68.146.125', 'Harsha', 1, 1, '2020-02-24 13:08:19', '2020-02-24 13:08:19'),
(151, '162.158.165.201', 'Pradeep', 1, 1, '2020-02-24 13:23:22', '2020-02-24 13:23:22'),
(152, '172.69.134.144', 'Dhyuthi', 1, 1, '2020-02-24 13:41:49', '2020-02-24 13:41:49'),
(153, '162.158.154.136', 'Arigela charan', 1, 1, '2020-02-24 13:50:58', '2020-02-24 13:50:58'),
(154, '162.158.167.67', 'Jammula David', 1, 1, '2020-02-24 14:11:11', '2020-02-24 14:11:11'),
(155, '162.158.23.96', 'Sai kumar', 1, 1, '2020-02-24 14:12:42', '2020-02-24 14:12:42'),
(156, '162.158.23.96', 'venkatpavansai', 1, 1, '2020-02-24 14:17:51', '2020-02-24 14:17:51'),
(157, '162.158.154.64', 'Sachin', 1, 1, '2020-02-24 14:25:43', '2020-02-24 14:25:43'),
(158, '162.158.165.101', 'Sathish Kumar', 1, 1, '2020-02-24 14:31:03', '2020-02-24 14:31:03'),
(159, '172.69.134.222', 'omar', 1, 1, '2020-02-24 14:33:13', '2020-02-24 14:33:13'),
(160, '162.158.166.18', 'U', 3, 1, '2020-02-24 15:05:13', '2020-02-24 15:05:13'),
(161, '162.158.166.18', 'Y', 1, 1, '2020-02-24 15:05:29', '2020-02-24 15:05:29'),
(162, '162.158.154.46', '178R1A05C0', 1, 1, '2020-02-24 15:16:44', '2020-02-24 15:16:44'),
(163, '172.68.146.245', '178R1A05C0', 1, 1, '2020-02-24 15:18:32', '2020-02-24 15:18:32'),
(164, '162.158.154.46', '178R1A05363', 1, 1, '2020-02-24 15:21:38', '2020-02-24 15:21:38'),
(165, '172.68.167.73', 'HM', 1, 1, '2020-02-24 15:44:31', '2020-02-24 15:44:31'),
(166, '172.68.146.245', 'Naveen', 2, 1, '2020-02-24 16:02:06', '2020-02-24 16:02:06'),
(167, '172.68.146.245', 'Naveen', 1, 1, '2020-02-24 16:02:45', '2020-02-24 16:02:45'),
(168, '172.68.167.97', 'sad', 1, 2, '2020-02-24 16:09:49', '2020-02-24 16:09:49'),
(169, '172.68.167.103', 'omar', 1, 2, '2020-02-24 16:20:52', '2020-02-24 16:20:52'),
(170, '172.68.167.103', 'omar', 1, 5, '2020-02-24 16:21:05', '2020-02-24 16:21:05'),
(171, '172.68.167.103', 'omar', 1, 3, '2020-02-24 16:21:32', '2020-02-24 16:21:32'),
(172, '172.68.167.103', 'omar', 1, 4, '2020-02-24 16:23:38', '2020-02-24 16:23:38'),
(173, '172.68.167.103', 'Aaa', 1, 1, '2020-02-24 16:24:52', '2020-02-24 16:24:52'),
(174, '172.68.167.103', 'Raju', 1, 1, '2020-02-24 16:25:03', '2020-02-24 16:25:03'),
(175, '172.68.167.103', 'lk', 1, 4, '2020-02-24 16:28:50', '2020-02-24 16:28:50'),
(176, '172.68.167.79', 'lk', 1, 4, '2020-02-24 16:42:47', '2020-02-24 16:42:47'),
(177, '172.68.167.79', 'omar', 1, 4, '2020-02-24 16:49:32', '2020-02-24 16:49:32'),
(178, '172.68.167.97', 'omar', 1, 4, '2020-02-24 16:50:21', '2020-02-24 16:50:21'),
(179, '172.69.134.252', 'Manikantasriramoju', 1, 1, '2020-02-24 16:50:34', '2020-02-24 16:50:34'),
(180, '172.68.167.97', 'omar', 1, 2, '2020-02-24 16:51:30', '2020-02-24 16:51:30'),
(181, '172.68.146.245', 'Siva Malleswari', 1, 1, '2020-02-24 16:55:40', '2020-02-24 16:55:40'),
(182, '172.68.167.79', 'omar', 1, 2, '2020-02-24 17:00:29', '2020-02-24 17:00:29'),
(183, '162.158.166.142', 'Manikantasriramoju', 1, 1, '2020-02-24 17:02:26', '2020-02-24 17:02:26'),
(184, '162.158.165.245', 'Manikantasriramoju', 1, 1, '2020-02-24 17:02:40', '2020-02-24 17:02:40'),
(185, '162.158.158.252', 'Ramanagari Prashanthi', 1, 1, '2020-02-24 17:12:31', '2020-02-24 17:12:31'),
(186, '162.158.166.134', 'Manikantasriramoju', 1, 1, '2020-02-24 17:15:28', '2020-02-24 17:15:28'),
(187, '172.68.167.97', 'Pendli Raghu varan', 1, 2, '2020-02-24 17:16:48', '2020-02-24 17:16:48'),
(188, '172.69.135.97', 'Upendra', 1, 5, '2020-02-24 17:37:36', '2020-02-24 17:37:36'),
(189, '172.69.134.168', 'Nithya', 1, 2, '2020-02-24 17:38:56', '2020-02-24 17:38:56'),
(190, '162.158.165.201', 'Patharched Shiva Krishna reddy', 1, 2, '2020-02-24 17:39:09', '2020-02-24 17:39:09'),
(191, '162.158.166.134', 'Nithya', 1, 2, '2020-02-24 17:40:04', '2020-02-24 17:40:04'),
(192, '162.158.166.252', '177r1a0472', 1, 2, '2020-02-24 18:26:46', '2020-02-24 18:26:46'),
(193, '141.101.98.163', 'Sachin sharma', 1, 2, '2020-02-24 19:28:11', '2020-02-24 19:28:11'),
(194, '162.158.165.11', 'Bb', 1, 1, '2020-02-24 20:39:18', '2020-02-24 20:39:18'),
(195, '172.68.167.103', 'Mani', 1, 1, '2020-02-24 21:00:13', '2020-02-24 21:00:13'),
(196, '172.68.167.97', 'omar', 1, 1, '2020-02-24 21:38:10', '2020-02-24 21:38:10'),
(197, '162.158.155.35', '1', 1, 1, '2020-02-25 03:37:43', '2020-02-25 03:37:43'),
(198, '172.68.146.245', 'Y', 1, 1, '2020-02-25 07:01:55', '2020-02-25 07:01:55'),
(199, '172.69.135.55', 'omar', 1, 1, '2020-02-25 07:50:59', '2020-02-25 07:50:59'),
(200, '141.101.99.158', 'Sumasree', 1, 1, '2020-02-25 07:53:46', '2020-02-25 07:53:46'),
(201, '162.158.167.167', 'omar', 1, 1, '2020-02-25 08:05:43', '2020-02-25 08:05:43'),
(202, '172.68.146.245', 'Gayathri', 1, 1, '2020-02-25 08:12:05', '2020-02-25 08:12:05'),
(203, '172.69.134.204', 'Chiru', 1, 1, '2020-02-25 10:10:01', '2020-02-25 10:10:01'),
(204, '172.68.146.245', 'omar', 1, 1, '2020-02-25 10:14:12', '2020-02-25 10:14:12'),
(205, '162.158.167.17', 'J', 1, 1, '2020-02-25 10:36:32', '2020-02-25 10:36:32'),
(206, '172.69.135.235', 'Hsbdbd', 1, 1, '2020-02-25 10:53:02', '2020-02-25 10:53:02'),
(207, '162.158.155.89', 'Shanza khan', 1, 1, '2020-02-25 11:08:54', '2020-02-25 11:08:54'),
(208, '172.68.146.83', 'Mani', 1, 1, '2020-02-25 12:46:20', '2020-02-25 12:46:20'),
(209, '162.158.165.143', 'Mani', 1, 1, '2020-02-25 12:59:28', '2020-02-25 12:59:28'),
(210, '162.158.165.199', 'Ravi', 1, 1, '2020-02-25 13:03:39', '2020-02-25 13:03:39'),
(211, '162.158.166.252', 'L', 1, 1, '2020-02-25 13:26:59', '2020-02-25 13:26:59'),
(212, '162.158.166.252', 'Laksk', 1, 1, '2020-02-25 13:27:00', '2020-02-25 13:27:00'),
(213, '162.158.166.134', 'roshan', 1, 1, '2020-02-25 13:28:09', '2020-02-25 13:28:09'),
(214, '172.69.135.243', 'Prashanth', 1, 1, '2020-02-25 13:33:23', '2020-02-25 13:33:23'),
(215, '162.158.166.160', 'roshan', 1, 1, '2020-02-25 13:53:38', '2020-02-25 13:53:38'),
(216, '172.69.134.96', 'Kalavena sagar', 1, 1, '2020-02-25 16:11:00', '2020-02-25 16:11:00'),
(217, '162.158.166.160', 'Sushmitha', 1, 1, '2020-02-25 17:01:51', '2020-02-25 17:01:51'),
(218, '141.101.107.93', 'Prasanth', 1, 1, '2020-02-25 17:06:40', '2020-02-25 17:06:40'),
(219, '162.158.158.158', 'Prasanth', 1, 1, '2020-02-25 17:33:37', '2020-02-25 17:33:37'),
(220, '172.68.167.103', 'Rahul', 1, 1, '2020-02-25 17:45:02', '2020-02-25 17:45:02'),
(221, '162.158.166.134', 'Akhil', 1, 1, '2020-02-25 17:53:35', '2020-02-25 17:53:35'),
(222, '172.68.167.97', 'Sravanthi', 1, 1, '2020-02-25 18:05:27', '2020-02-25 18:05:27'),
(223, '172.68.146.65', 'Muskula Meghan a', 1, 1, '2020-02-25 18:10:15', '2020-02-25 18:10:15'),
(224, '172.68.146.65', 'Muskula Meghana', 1, 1, '2020-02-25 18:10:36', '2020-02-25 18:10:36'),
(225, '172.68.146.83', 'Shetal kothari', 1, 1, '2020-02-25 18:11:49', '2020-02-25 18:11:49'),
(226, '172.68.167.79', 'Mani', 1, 1, '2020-02-25 18:20:19', '2020-02-25 18:20:19'),
(227, '172.68.167.79', 'Sravanthi', 1, 1, '2020-02-25 18:21:16', '2020-02-25 18:21:16'),
(228, '162.158.165.201', 'Kalavena sagar', 1, 1, '2020-02-25 18:23:21', '2020-02-25 18:23:21'),
(229, '172.68.167.103', 'Yt', 1, 1, '2020-02-25 18:27:29', '2020-02-25 18:27:29'),
(230, '172.68.167.97', 'Ravi', 1, 1, '2020-02-25 18:27:41', '2020-02-25 18:27:41'),
(231, '172.68.167.103', 'Sravanthigoud', 1, 1, '2020-02-25 18:36:47', '2020-02-25 18:36:47'),
(232, '172.68.167.97', 'Sai Prashanth', 1, 1, '2020-02-25 18:37:10', '2020-02-25 18:37:10'),
(233, '172.68.167.103', 'Sai', 1, 1, '2020-02-25 18:42:21', '2020-02-25 18:42:21'),
(234, '172.68.167.97', 'asdasdd', 1, 1, '2020-02-25 18:47:28', '2020-02-25 18:47:28'),
(235, '172.69.134.66', '178R1A05E9', 1, 1, '2020-02-25 18:48:55', '2020-02-25 18:48:55'),
(236, '172.69.134.66', '178R1A05E9', 1, 1, '2020-02-25 18:48:55', '2020-02-25 18:48:55'),
(237, '162.158.166.158', 'Sumanth', 1, 1, '2020-02-25 18:53:57', '2020-02-25 18:53:57'),
(1, NULL, 'omar', 1, 1, '2020-02-23 08:20:29', '2020-02-23 08:20:29'),
(2, NULL, 'omar', 2, 1, '2020-02-23 08:33:02', '2020-02-23 08:33:02'),
(3, NULL, 'Don\'t know', 1, 1, '2020-02-23 12:46:21', '2020-02-23 12:46:21'),
(4, NULL, 'Mani', 2, 1, '2020-02-23 12:49:59', '2020-02-23 12:49:59'),
(5, NULL, 'Rajesh', 1, 1, '2020-02-23 12:49:59', '2020-02-23 12:49:59'),
(6, NULL, 'Mani', 1, 1, '2020-02-23 12:50:13', '2020-02-23 12:50:13'),
(7, NULL, 'A JASWANTH', 1, 1, '2020-02-23 12:52:14', '2020-02-23 12:52:14'),
(8, NULL, 'Ben10', 1, 1, '2020-02-23 12:52:36', '2020-02-23 12:52:36'),
(9, NULL, 'Chiranjeevi', 1, 1, '2020-02-23 13:03:52', '2020-02-23 13:03:52'),
(10, NULL, 'jammula David', 1, 1, '2020-02-23 13:03:59', '2020-02-23 13:03:59'),
(11, NULL, 'Chukka Manisha', 1, 1, '2020-02-23 13:04:37', '2020-02-23 13:04:37'),
(12, NULL, 'Shaparapapa', 1, 1, '2020-02-23 13:04:45', '2020-02-23 13:04:45'),
(13, NULL, 'Sirisinahal srivallabh', 1, 1, '2020-02-23 13:04:46', '2020-02-23 13:04:46'),
(14, NULL, 'Praneeth', 1, 1, '2020-02-23 13:05:21', '2020-02-23 13:05:21'),
(15, NULL, 'GANDHAM SATHISH KUMAR', 1, 1, '2020-02-23 13:06:24', '2020-02-23 13:06:24'),
(16, NULL, 'nikitha', 1, 1, '2020-02-23 13:07:32', '2020-02-23 13:07:32'),
(17, NULL, 'Thota. Meghana', 1, 1, '2020-02-23 13:07:54', '2020-02-23 13:07:54'),
(18, NULL, 'Agapati Saivardhan', 1, 1, '2020-02-23 13:08:18', '2020-02-23 13:08:18'),
(19, NULL, 'c', 1, 1, '2020-02-23 13:08:56', '2020-02-23 13:08:56'),
(20, NULL, 'Shetal kothari', 1, 1, '2020-02-23 13:09:10', '2020-02-23 13:09:10'),
(21, NULL, 'Bhavesh', 1, 1, '2020-02-23 13:10:14', '2020-02-23 13:10:14'),
(22, NULL, '178R1A0502', 1, 1, '2020-02-23 13:11:25', '2020-02-23 13:11:25'),
(23, NULL, 'Yerra Yamini', 1, 1, '2020-02-23 13:12:07', '2020-02-23 13:12:07'),
(24, NULL, 'Y', 1, 1, '2020-02-23 13:12:53', '2020-02-23 13:12:53'),
(25, NULL, 'Vikram', 1, 1, '2020-02-23 13:13:01', '2020-02-23 13:13:01'),
(26, NULL, 'Hshs', 1, 1, '2020-02-23 13:13:01', '2020-02-23 13:13:01'),
(27, NULL, 'Naveen', 1, 1, '2020-02-23 13:13:05', '2020-02-23 13:13:05'),
(28, NULL, 'Yamini', 1, 1, '2020-02-23 13:13:44', '2020-02-23 13:13:44'),
(29, NULL, 'Teja', 1, 1, '2020-02-23 13:15:18', '2020-02-23 13:15:18'),
(30, NULL, 'Asmitha', 1, 1, '2020-02-23 13:21:40', '2020-02-23 13:21:40'),
(31, NULL, 'Lakshkiran', 1, 1, '2020-02-23 13:22:28', '2020-02-23 13:22:28'),
(32, NULL, 'R Neeraj Sagar', 1, 1, '2020-02-23 13:22:45', '2020-02-23 13:22:45'),
(33, NULL, '178R1A05F7', 1, 1, '2020-02-23 13:23:47', '2020-02-23 13:23:47'),
(34, NULL, 'Nikitha Reddy', 1, 1, '2020-02-23 13:24:02', '2020-02-23 13:24:02'),
(35, NULL, 'Shanza', 1, 1, '2020-02-23 13:26:53', '2020-02-23 13:26:53'),
(36, NULL, 'D. Pallavi', 1, 1, '2020-02-23 13:26:54', '2020-02-23 13:26:54'),
(37, NULL, 'Ft', 1, 1, '2020-02-23 13:31:16', '2020-02-23 13:31:16'),
(38, NULL, 'venkatpavansai', 1, 1, '2020-02-23 13:31:39', '2020-02-23 13:31:39'),
(39, NULL, 'Anusha', 1, 1, '2020-02-23 13:34:15', '2020-02-23 13:34:15'),
(40, NULL, 'Sagarika', 1, 1, '2020-02-23 13:35:32', '2020-02-23 13:35:32'),
(41, NULL, 'D Niharika', 1, 1, '2020-02-23 13:36:04', '2020-02-23 13:36:04'),
(42, NULL, 'murthy', 1, 1, '2020-02-23 13:37:41', '2020-02-23 13:37:41'),
(43, NULL, 'C Abhishek', 1, 1, '2020-02-23 13:37:48', '2020-02-23 13:37:48'),
(44, NULL, 'Harika reddy', 1, 1, '2020-02-23 13:41:17', '2020-02-23 13:41:17'),
(45, NULL, 'SwapnaReddy', 1, 1, '2020-02-23 13:41:48', '2020-02-23 13:41:48'),
(46, NULL, 'V.prashanth', 1, 1, '2020-02-23 13:42:14', '2020-02-23 13:42:14'),
(47, NULL, 'Sachin', 1, 1, '2020-02-23 13:45:45', '2020-02-23 13:45:45'),
(48, NULL, 'G.Jaitej', 1, 1, '2020-02-23 13:51:37', '2020-02-23 13:51:37'),
(49, NULL, 'Achyuth prabhakar', 1, 1, '2020-02-23 13:53:14', '2020-02-23 13:53:14'),
(50, NULL, 'Shanza khan', 1, 1, '2020-02-23 13:59:27', '2020-02-23 13:59:27'),
(51, NULL, 'Agapati SaVardhan', 1, 1, '2020-02-23 14:02:35', '2020-02-23 14:02:35'),
(52, NULL, 'Vaishnav', 1, 1, '2020-02-23 14:03:57', '2020-02-23 14:03:57'),
(53, NULL, 'Vasavu', 1, 1, '2020-02-23 14:06:20', '2020-02-23 14:06:20'),
(54, NULL, 'Deepali', 1, 1, '2020-02-23 14:07:05', '2020-02-23 14:07:05'),
(55, NULL, '..', 1, 1, '2020-02-23 14:07:24', '2020-02-23 14:07:24'),
(56, NULL, 'Gade Mahesh', 1, 1, '2020-02-23 14:08:15', '2020-02-23 14:08:15'),
(57, NULL, 'Manikanta sriramoju', 1, 1, '2020-02-23 14:10:37', '2020-02-23 14:10:37'),
(58, NULL, 'Manikantasriramoju', 1, 1, '2020-02-23 14:14:36', '2020-02-23 14:14:36'),
(59, NULL, '178R1A05E9', 1, 1, '2020-02-23 14:15:06', '2020-02-23 14:15:06'),
(60, NULL, 'Harry', 3, 1, '2020-02-23 14:15:32', '2020-02-23 14:15:32'),
(61, NULL, 'Harry', 2, 1, '2020-02-23 14:15:42', '2020-02-23 14:15:42'),
(62, NULL, 'Sravanthi', 2, 1, '2020-02-23 14:17:05', '2020-02-23 14:17:05'),
(63, NULL, 'Sai', 2, 1, '2020-02-23 14:17:18', '2020-02-23 14:17:18'),
(64, NULL, 'A', 1, 1, '2020-02-23 14:24:17', '2020-02-23 14:24:17'),
(65, NULL, 'Tejaswi', 1, 1, '2020-02-23 14:24:48', '2020-02-23 14:24:48'),
(66, NULL, '178R1A05I0', 1, 1, '2020-02-23 14:25:12', '2020-02-23 14:25:12'),
(67, NULL, 'Anonymous', 1, 1, '2020-02-23 14:26:35', '2020-02-23 14:26:35'),
(68, NULL, 'Bb', 1, 1, '2020-02-23 14:27:36', '2020-02-23 14:27:36'),
(69, NULL, 'Suraj', 1, 1, '2020-02-23 14:27:53', '2020-02-23 14:27:53'),
(70, NULL, 'Korrakuti indhra venkata saikumar', 1, 1, '2020-02-23 14:28:15', '2020-02-23 14:28:15'),
(71, NULL, 'Sai Sheela', 1, 1, '2020-02-23 14:29:31', '2020-02-23 14:29:31'),
(72, NULL, 'R.Prashanthi', 1, 1, '2020-02-23 14:31:08', '2020-02-23 14:31:08'),
(73, NULL, 'Ramanagari Prashanthi', 1, 1, '2020-02-23 14:32:51', '2020-02-23 14:32:51'),
(74, NULL, 'Pasupuleti Mahija', 1, 1, '2020-02-23 14:33:12', '2020-02-23 14:33:12'),
(75, NULL, 'Harshitha', 1, 1, '2020-02-23 14:33:45', '2020-02-23 14:33:45'),
(76, NULL, '1', 1, 1, '2020-02-23 14:34:07', '2020-02-23 14:34:07'),
(77, NULL, 'Gattu Sai Lakshmi', 1, 1, '2020-02-23 14:39:36', '2020-02-23 14:39:36'),
(78, NULL, 'Muskula Meghana', 1, 1, '2020-02-23 14:42:14', '2020-02-23 14:42:14'),
(79, NULL, 'Mohammed Abed', 1, 1, '2020-02-23 14:53:06', '2020-02-23 14:53:06'),
(80, NULL, 'M. Srujana', 1, 1, '2020-02-23 14:53:09', '2020-02-23 14:53:09'),
(81, NULL, 'Keshireddy pranay', 1, 1, '2020-02-23 14:54:03', '2020-02-23 14:54:03'),
(82, NULL, 'Raja', 1, 1, '2020-02-23 14:56:11', '2020-02-23 14:56:11'),
(83, NULL, 'MEDARI raghuvaran', 1, 1, '2020-02-23 14:56:44', '2020-02-23 14:56:44'),
(84, NULL, 'HARSHAVARDHAN', 1, 1, '2020-02-23 14:58:52', '2020-02-23 14:58:52'),
(85, NULL, 'Lavanya', 1, 1, '2020-02-23 15:02:18', '2020-02-23 15:02:18'),
(86, NULL, 'Prashanth', 1, 1, '2020-02-23 15:04:43', '2020-02-23 15:04:43'),
(87, NULL, 'Poddaturi sai roshan', 1, 1, '2020-02-23 15:06:28', '2020-02-23 15:06:28'),
(88, NULL, 'Kothapa Lakshmipriya', 1, 1, '2020-02-23 15:10:48', '2020-02-23 15:10:48'),
(89, NULL, 'T saikumar', 1, 1, '2020-02-23 15:14:09', '2020-02-23 15:14:09'),
(90, NULL, 'Divya', 1, 1, '2020-02-23 15:17:26', '2020-02-23 15:17:26'),
(91, NULL, 'Santhosh', 1, 1, '2020-02-23 15:30:13', '2020-02-23 15:30:13'),
(92, NULL, 'Samod Vijay Kumar Reddy', 1, 1, '2020-02-23 15:34:13', '2020-02-23 15:34:13'),
(93, NULL, '178R1A05J7', 1, 1, '2020-02-23 15:36:43', '2020-02-23 15:36:43'),
(94, NULL, 'Shruthi', 1, 1, '2020-02-23 15:45:53', '2020-02-23 15:45:53'),
(95, '183.83.236.207', 'omar', 1, 1, '2020-02-23 15:55:43', '2020-02-23 15:55:43'),
(96, '2409:4070:68f:4350:da3e:6850:5103:6098', 'Harsha', 1, 1, '2020-02-23 15:56:23', '2020-02-23 15:56:23'),
(97, '183.83.236.207', 'mohammed omar', 1, 1, '2020-02-23 16:03:40', '2020-02-23 16:03:40'),
(98, '2401:4900:33a4:5926:23e:d064:f0f4:5354', 'Sumanth', 1, 1, '2020-02-23 16:04:16', '2020-02-23 16:04:16'),
(99, '183.83.236.207', 'asd', 1, 1, '2020-02-23 16:08:45', '2020-02-23 16:08:45'),
(100, '2409:4070:96:f0c1:dab4:4e18:64c6:613e', 'K.Neeharika', 1, 1, '2020-02-23 16:21:48', '2020-02-23 16:21:48'),
(101, '2409:4070:1c:2c06:94f3:7ce5:18f0:7ae6', 'Sateesh', 1, 1, '2020-02-23 16:28:14', '2020-02-23 16:28:14'),
(102, '2409:4070:30f:542c:6882:994b:9f03:9e4b', 'Abhishek', 1, 1, '2020-02-23 16:30:21', '2020-02-23 16:30:21'),
(103, '103.15.63.114', 'Pandala shravani', 2, 1, '2020-02-23 16:38:21', '2020-02-23 16:38:21'),
(104, '27.116.21.214', 'Sushmitha', 1, 1, '2020-02-23 16:40:28', '2020-02-23 16:40:28'),
(105, '2409:4070:2295:5666::6d3:10ad', 'Shs', 1, 1, '2020-02-23 16:43:55', '2020-02-23 16:43:55'),
(106, '183.83.134.210', 'Sai Sharan', 1, 1, '2020-02-23 16:56:24', '2020-02-23 16:56:24'),
(107, '2406:b400:d1:ddde:7d4d:7cf8:f687:88e9', 'Biradhar kavyareddy', 1, 1, '2020-02-23 16:59:56', '2020-02-23 16:59:56'),
(108, '119.235.52.122', 'Divya', 1, 1, '2020-02-23 17:02:56', '2020-02-23 17:02:56'),
(109, '2409:4070:2388:25e6:d0c2:a3ae:54bf:a1af', 'Srikanth Thadaka', 1, 1, '2020-02-23 17:03:28', '2020-02-23 17:03:28'),
(110, '157.48.23.195', 'Jjjj', 1, 1, '2020-02-23 17:08:17', '2020-02-23 17:08:17'),
(111, '183.83.167.117', 'Ashish dalal', 1, 1, '2020-02-23 17:09:20', '2020-02-23 17:09:20'),
(112, '2401:4900:18f3:eddb:3187:28cb:d63e:9b72', 'Feroz', 1, 1, '2020-02-23 17:12:21', '2020-02-23 17:12:21'),
(113, '157.48.23.195', 'Hh', 1, 1, '2020-02-23 17:14:34', '2020-02-23 17:14:34'),
(114, '2401:4900:16ba:e92f:2:1:77b2:134e', 'Culli saisha krithika', 1, 1, '2020-02-23 17:15:45', '2020-02-23 17:15:45'),
(115, '2401:4900:33ab:bfc6:105d:90ff:fe02:8d9b', 'Bb', 1, 1, '2020-02-23 17:19:33', '2020-02-23 17:19:33'),
(116, '183.83.72.222', 'An', 1, 1, '2020-02-23 17:20:50', '2020-02-23 17:20:50'),
(117, '2406:b400:d1:fa06:504a:5ba6:f616:a272', 'Scott', 1, 1, '2020-02-23 17:21:20', '2020-02-23 17:21:20'),
(118, '2409:4070:30f:542c:6882:994b:9f03:9e4b', 'f', 1, 1, '2020-02-23 17:29:40', '2020-02-23 17:29:40'),
(119, '49.204.227.128', 'Vikas', 1, 1, '2020-02-23 17:29:58', '2020-02-23 17:29:58'),
(120, '2401:4900:3281:97d9:4f3f:9eb3:6e51:8ed', '177R1A0466', 1, 1, '2020-02-23 17:30:01', '2020-02-23 17:30:01'),
(121, '183.83.207.114', 'Navya', 1, 1, '2020-02-23 17:32:09', '2020-02-23 17:32:09'),
(122, '2405:204:a783:ed94:2f15:25c7:e932:5591', 'Veda', 1, 1, '2020-02-23 17:32:36', '2020-02-23 17:32:36'),
(123, '2409:4042:220f:a416:61f5:37f4:ffaa:63a0', 'Goku black', 1, 1, '2020-02-23 17:44:04', '2020-02-23 17:44:04'),
(124, '2401:4900:33a7:ab26:97af:49d3:204:2c6f', 'Rahul', 1, 1, '2020-02-23 17:45:35', '2020-02-23 17:45:35'),
(125, '2409:4070:89f:88c1:a262:dbac:44:cb07', 'Rock', 1, 1, '2020-02-23 17:52:35', '2020-02-23 17:52:35'),
(126, '183.83.85.237', 'Hnn', 2, 1, '2020-02-23 18:35:24', '2020-02-23 18:35:24'),
(127, '183.83.137.27', 'Lavanya', 1, 1, '2020-02-23 18:39:16', '2020-02-23 18:39:16'),
(128, '124.123.103.79', 'Hhsjz', 1, 1, '2020-02-24 00:19:13', '2020-02-24 00:19:13'),
(129, '2405:204:a096:3c10:d007:ae5c:76b3:145f', 'Veda', 1, 1, '2020-02-24 01:30:29', '2020-02-24 01:30:29'),
(130, '123.201.77.100', 'Human', 3, 1, '2020-02-24 01:54:27', '2020-02-24 01:54:27'),
(131, '123.201.77.100', 'Nayan Raj Adhikary', 3, 1, '2020-02-24 01:54:59', '2020-02-24 01:54:59'),
(132, '123.201.77.100', 'NayanRaj Adhikary', 3, 1, '2020-02-24 01:55:30', '2020-02-24 01:55:30'),
(133, '183.83.237.14', 'omar', 1, 1, '2020-02-24 17:33:43', '2020-02-24 17:33:43'),
(238, '172.68.167.103', 'asdasdd', 1, 1, '2020-02-25 18:56:43', '2020-02-25 18:56:43'),
(239, '162.158.159.11', 'Swapna', 1, 1, '2020-02-25 19:05:31', '2020-02-25 19:05:31'),
(240, '172.68.167.103', 'Saikrishna', 1, 2, '2020-02-25 19:09:26', '2020-02-25 19:09:26'),
(241, '172.68.167.31', 'Saikrishna', 1, 2, '2020-02-25 19:12:43', '2020-02-25 19:12:43'),
(242, '172.68.167.103', 'test', 1, 1, '2020-02-25 19:44:16', '2020-02-25 19:44:16'),
(779, '172.68.167.103', 'test2', 1, 1, '2020-02-25 19:46:42', '2020-02-25 19:46:42'),
(780, '172.68.167.97', 'Rahul', 1, 1, '2020-02-25 20:23:23', '2020-02-25 20:23:23'),
(781, '162.158.165.213', 'Bhavya', 1, 1, '2020-02-25 20:36:18', '2020-02-25 20:36:18'),
(782, '162.158.154.64', 'Gunti Akhila', 1, 1, '2020-02-25 21:12:57', '2020-02-25 21:12:57'),
(783, '162.158.166.148', 'H', 1, 1, '2020-02-26 08:10:41', '2020-02-26 08:10:41'),
(784, '162.158.166.56', 'Ananditha', 1, 1, '2020-02-26 08:12:30', '2020-02-26 08:12:30'),
(785, '162.158.166.20', 'Sowjanya.bolneedi', 1, 1, '2020-02-26 10:04:27', '2020-02-26 10:04:27'),
(786, '172.69.135.223', 'Praveen', 1, 1, '2020-02-26 11:52:42', '2020-02-26 11:52:42'),
(787, '172.69.135.223', 'Praveen teja', 1, 1, '2020-02-26 11:53:12', '2020-02-26 11:53:12'),
(788, '162.158.166.18', 'Mani', 1, 1, '2020-02-26 14:01:05', '2020-02-26 14:01:05'),
(789, '162.158.166.18', 'Mani', 2, 1, '2020-02-26 14:01:55', '2020-02-26 14:01:55'),
(790, '162.158.166.18', 'Man', 1, 1, '2020-02-26 14:04:28', '2020-02-26 14:04:28'),
(791, '162.158.166.18', 'ManMani', 1, 1, '2020-02-26 14:04:28', '2020-02-26 14:04:28'),
(792, '172.69.135.243', 'Omar kojja', 1, 1, '2020-02-26 14:28:33', '2020-02-26 14:28:33'),
(793, '172.69.135.243', 'Meet mani', 2, 1, '2020-02-26 15:12:15', '2020-02-26 15:12:15'),
(794, '162.158.165.197', 'Prathyusha', 1, 1, '2020-02-26 15:38:12', '2020-02-26 15:38:12'),
(795, '162.158.166.158', 'oamr', 1, 1, '2020-02-26 16:02:49', '2020-02-26 16:02:49'),
(796, '172.69.135.61', 'fgfd', 1, 1, '2020-02-26 16:21:33', '2020-02-26 16:21:33'),
(797, '172.68.167.97', '178R180563', 1, 1, '2020-02-26 20:05:01', '2020-02-26 20:05:01'),
(798, '172.68.167.73', 'mohammed omar', 1, 1, '2020-02-26 20:08:09', '2020-02-26 20:08:09'),
(799, '172.68.167.31', '178R1A0563', 1, 1, '2020-02-26 20:25:25', '2020-02-26 20:25:25'),
(800, '162.158.158.230', 'Sateesh Kashiraju', 1, 1, '2020-02-26 21:33:32', '2020-02-26 21:33:32'),
(801, '172.69.134.144', 'Manne Pranavi Reddy', 1, 1, '2020-02-26 21:59:29', '2020-02-26 21:59:29'),
(802, '162.158.165.213', 'Manne Pranavi Reddy', 1, 1, '2020-02-27 15:08:22', '2020-02-27 15:08:22'),
(803, '162.158.167.17', 'omar', 1, 1, '2020-02-27 19:30:37', '2020-02-27 19:30:37'),
(804, '172.69.134.180', 'Vijaykumar Reddy', 1, 1, '2020-02-28 02:11:27', '2020-02-28 02:11:27'),
(805, '141.101.98.31', 'Prasanth', 1, 1, '2020-02-28 13:28:35', '2020-02-28 13:28:35'),
(806, '172.68.167.97', 'Samuelraj', 1, 1, '2020-02-28 19:36:56', '2020-02-28 19:36:56'),
(807, '172.68.167.31', 'omar', 1, 1, '2020-03-01 15:21:54', '2020-03-01 15:21:54'),
(808, '172.68.167.73', 'Srujan', 3, 1, '2020-03-03 19:42:55', '2020-03-03 19:42:55'),
(809, '172.68.146.245', 'Vasanchetti sandhya', 3, 1, '2020-03-03 19:43:23', '2020-03-03 19:43:23'),
(810, '162.158.165.143', 'M.soumya', 3, 1, '2020-03-03 19:43:27', '2020-03-03 19:43:27'),
(811, '172.68.146.245', 'Karthik', 3, 1, '2020-03-03 19:43:28', '2020-03-03 19:43:28'),
(812, '172.69.134.222', 'Zaid Ahmed Khan', 3, 1, '2020-03-03 19:43:37', '2020-03-03 19:43:37'),
(813, '172.68.167.79', 'Vijaykumar', 3, 1, '2020-03-03 19:43:38', '2020-03-03 19:43:38'),
(814, '162.158.166.18', 'Y SHIVA REDDY', 3, 1, '2020-03-03 19:43:41', '2020-03-03 19:43:41'),
(815, '162.158.167.131', 'Thangellapally likhitha', 3, 1, '2020-03-03 19:43:48', '2020-03-03 19:43:48'),
(816, '162.158.165.143', 'G nithin koushik', 3, 1, '2020-03-03 19:43:52', '2020-03-03 19:43:52'),
(817, '162.158.167.17', 'M rohit goud', 3, 1, '2020-03-03 19:43:56', '2020-03-03 19:43:56'),
(818, '162.158.227.97', '198R1A05M8', 3, 1, '2020-03-03 19:43:56', '2020-03-03 19:43:56'),
(819, '172.68.167.103', 'Akshaya', 3, 1, '2020-03-03 19:43:57', '2020-03-03 19:43:57'),
(820, '162.158.165.143', 'Priyanka', 3, 1, '2020-03-03 19:44:00', '2020-03-03 19:44:00'),
(821, '162.158.158.102', 'P suahma', 3, 1, '2020-03-03 19:44:02', '2020-03-03 19:44:02'),
(822, '162.158.167.17', 'akhil yadav', 3, 1, '2020-03-03 19:44:03', '2020-03-03 19:44:03'),
(823, '162.158.155.191', 'Srivani.p', 3, 1, '2020-03-03 19:44:06', '2020-03-03 19:44:06'),
(824, '162.158.227.33', 'N Rakesh Reddy', 3, 1, '2020-03-03 19:44:06', '2020-03-03 19:44:06'),
(825, '172.68.146.83', 'Devulapally sathwik', 3, 1, '2020-03-03 19:44:10', '2020-03-03 19:44:10'),
(826, '172.69.134.222', 'Y. Akash Reddy', 3, 1, '2020-03-03 19:44:11', '2020-03-03 19:44:11'),
(827, '172.69.134.222', 'Pavan kumar', 3, 1, '2020-03-03 19:44:21', '2020-03-03 19:44:21'),
(828, '162.158.166.186', 'SRAVANAM VENKAT SAI', 3, 1, '2020-03-03 19:44:23', '2020-03-03 19:44:23'),
(829, '162.158.167.17', 'Kanneboina Rani', 3, 1, '2020-03-03 19:44:33', '2020-03-03 19:44:33'),
(830, '162.158.165.143', 'Rhhdrj', 2, 5, '2020-03-03 19:44:41', '2020-03-03 19:44:41'),
(831, '162.158.167.67', 'SIDAM AVINASH', 3, 1, '2020-03-03 19:44:41', '2020-03-03 19:44:41'),
(832, '172.68.167.79', 'Bharadwaj', 3, 1, '2020-03-03 19:44:41', '2020-03-03 19:44:41'),
(833, '172.68.146.245', 'A Boris', 3, 1, '2020-03-03 19:44:49', '2020-03-03 19:44:49'),
(834, '162.158.167.167', '198R1A0515', 3, 1, '2020-03-03 19:44:50', '2020-03-03 19:44:50'),
(835, '172.69.135.243', 'B.Nandini', 3, 1, '2020-03-03 19:44:59', '2020-03-03 19:44:59'),
(836, '162.158.165.143', 'Rhhdrjg', 3, 1, '2020-03-03 19:45:00', '2020-03-03 19:45:00'),
(837, '172.69.134.144', 'Chowdvarapu Devika', 3, 1, '2020-03-03 19:45:04', '2020-03-03 19:45:04'),
(838, '172.68.167.103', 'Akshaya', 1, 1, '2020-03-03 19:45:12', '2020-03-03 19:45:12'),
(839, '172.69.134.222', 'Koyi pavan kumar', 3, 1, '2020-03-03 19:45:14', '2020-03-03 19:45:14'),
(840, '162.158.155.221', 'K7', 3, 1, '2020-03-03 19:45:15', '2020-03-03 19:45:15'),
(841, '162.158.167.17', 'Rani', 3, 1, '2020-03-03 19:45:22', '2020-03-03 19:45:22'),
(842, '162.158.165.143', 'Paul', 3, 1, '2020-03-03 19:45:22', '2020-03-03 19:45:22'),
(843, '172.69.135.243', 'Nano', 3, 1, '2020-03-03 19:45:24', '2020-03-03 19:45:24'),
(844, '172.69.134.144', 'Sabavath akhila', 1, 1, '2020-03-03 19:45:31', '2020-03-03 19:45:31'),
(845, '172.69.135.243', 'Golla Ajay murali krishna', 3, 1, '2020-03-03 19:45:38', '2020-03-03 19:45:38'),
(846, '141.101.99.158', 'S krishna kiriti', 3, 1, '2020-03-03 19:45:46', '2020-03-03 19:45:46'),
(847, '172.68.146.113', 'R. Bhavya', 3, 1, '2020-03-03 19:45:49', '2020-03-03 19:45:49'),
(848, '162.158.167.131', 'barde prasad', 3, 1, '2020-03-03 19:45:52', '2020-03-03 19:45:52'),
(849, '162.158.165.143', '198R1A05L4', 3, 1, '2020-03-03 19:45:54', '2020-03-03 19:45:54'),
(850, '172.69.135.243', 'Bakki . Nandini', 3, 1, '2020-03-03 19:45:58', '2020-03-03 19:45:58'),
(851, '172.69.135.243', 'Narendhar', 3, 1, '2020-03-03 19:46:07', '2020-03-03 19:46:07'),
(852, '172.68.146.83', 'TELLAKULA NAGAVENDAR', 3, 1, '2020-03-03 19:46:12', '2020-03-03 19:46:12'),
(853, '162.158.165.201', 'Chowdvarapu Devika', 3, 1, '2020-03-03 19:46:42', '2020-03-03 19:46:42'),
(854, '141.101.99.158', 'Sasupally krishna kiriti', 3, 1, '2020-03-03 19:47:10', '2020-03-03 19:47:10'),
(855, '172.69.134.144', 'Sabavath akhila', 3, 1, '2020-03-03 19:47:33', '2020-03-03 19:47:33'),
(856, '172.68.167.103', 'omar', 3, 1, '2020-03-03 19:48:17', '2020-03-03 19:48:17'),
(857, '172.68.167.103', 'omar', 2, 1, '2020-03-03 19:48:30', '2020-03-03 19:48:30'),
(858, '172.69.134.210', 'Garre venkata Shiva kumar', 3, 1, '2020-03-03 19:48:31', '2020-03-03 19:48:31'),
(859, '172.69.135.243', 'Kota chinni krishna', 3, 1, '2020-03-03 19:48:32', '2020-03-03 19:48:32'),
(860, '162.158.155.149', 'Adla Yashwanth', 3, 1, '2020-03-03 19:48:59', '2020-03-03 19:48:59'),
(861, '162.158.165.199', 'G SAI DHEERAJ', 3, 1, '2020-03-03 19:49:11', '2020-03-03 19:49:11'),
(862, '162.158.165.199', 'Hhff', 3, 1, '2020-03-03 19:49:41', '2020-03-03 19:49:41'),
(863, '162.158.165.199', 'Hhffhygvhjj', 3, 1, '2020-03-03 19:49:45', '2020-03-03 19:49:45'),
(864, '162.158.227.33', 'Nimmala Rakesh Reddy', 3, 1, '2020-03-03 19:50:09', '2020-03-03 19:50:09'),
(865, '172.69.134.144', 'A Boris', 1, 1, '2020-03-03 19:50:13', '2020-03-03 19:50:13'),
(866, '162.158.165.199', 'Pavan', 3, 1, '2020-03-03 19:50:43', '2020-03-03 19:50:43'),
(867, '172.69.135.243', 'Shaik kaif', 3, 1, '2020-03-03 19:51:15', '2020-03-03 19:51:15'),
(868, '172.69.134.72', 'M Rohit Goud', 3, 1, '2020-03-03 19:52:23', '2020-03-03 19:52:23'),
(869, '162.158.166.218', 'RACHAKONDA RAHUL SAGAR', 3, 1, '2020-03-03 19:52:45', '2020-03-03 19:52:45'),
(870, '162.158.22.241', 'Rosi Reddy katireddy', 3, 1, '2020-03-03 19:52:45', '2020-03-03 19:52:45'),
(871, '172.69.135.243', 'Ravi kiran', 3, 1, '2020-03-03 19:53:24', '2020-03-03 19:53:24'),
(872, '172.68.167.103', 'Venkanna', 3, 1, '2020-03-03 19:53:25', '2020-03-03 19:53:25'),
(873, '162.158.165.201', 'Golla Ajay murali krishna', 1, 1, '2020-03-03 19:54:03', '2020-03-03 19:54:03'),
(874, '172.69.135.235', 'Yukta maheshkar', 3, 1, '2020-03-03 19:54:06', '2020-03-03 19:54:06'),
(875, '172.68.167.103', 'V. Sai keerti', 3, 1, '2020-03-03 19:54:11', '2020-03-03 19:54:11'),
(876, '162.158.166.218', 'Rachakonda Rahul sagar', 1, 1, '2020-03-03 19:54:35', '2020-03-03 19:54:35'),
(877, '162.158.167.17', 'Maithilee dolharkar', 3, 1, '2020-03-03 19:54:52', '2020-03-03 19:54:52'),
(878, '162.158.167.17', 'Dolharkar maithilee', 3, 1, '2020-03-03 19:55:35', '2020-03-03 19:55:35'),
(879, '172.69.134.144', 'A Boris', 3, 1, '2020-03-03 19:55:41', '2020-03-03 19:55:41'),
(880, '172.69.134.144', 'RACHAKONDA RAHUL SAGAR', 3, 1, '2020-03-03 19:56:00', '2020-03-03 19:56:00'),
(881, '162.158.227.33', 'Puppala shruthi', 3, 1, '2020-03-03 19:56:12', '2020-03-03 19:56:12'),
(882, '172.68.167.79', 'Nithin', 1, 1, '2020-03-03 19:56:29', '2020-03-03 19:56:29'),
(883, '162.158.167.167', 'Tadaka sai suk', 3, 1, '2020-03-03 19:58:06', '2020-03-03 19:58:06'),
(884, '172.68.146.113', 'A BORIS', 3, 1, '2020-03-03 19:58:33', '2020-03-03 19:58:33'),
(885, '162.158.166.186', 'Tuhgrddf', 1, 1, '2020-03-03 20:00:44', '2020-03-03 20:00:44'),
(886, '162.158.165.203', 'hijn', 3, 1, '2020-03-03 20:01:05', '2020-03-03 20:01:05'),
(887, '172.69.134.204', 'Thagellapally likhitha', 1, 1, '2020-03-03 20:02:15', '2020-03-03 20:02:15'),
(888, '172.68.146.113', 'Kunja Rahul deep', 3, 1, '2020-03-03 20:02:49', '2020-03-03 20:02:49'),
(889, '172.68.146.113', 'N.avhilash', 3, 1, '2020-03-03 20:02:53', '2020-03-03 20:02:53'),
(890, '162.158.165.143', 'Madhire Venkata Saritha', 3, 1, '2020-03-03 20:02:53', '2020-03-03 20:02:53'),
(891, '172.69.135.243', 'Spoorthi', 3, 1, '2020-03-03 20:03:36', '2020-03-03 20:03:36'),
(892, '162.158.165.213', 'Mahi', 3, 1, '2020-03-03 20:03:40', '2020-03-03 20:03:40'),
(893, '172.68.146.113', 'Kunja Rahul deep', 1, 1, '2020-03-03 20:03:50', '2020-03-03 20:03:50'),
(894, '172.69.135.243', 'Ravi k', 3, 1, '2020-03-03 20:04:39', '2020-03-03 20:04:39'),
(895, '172.69.135.243', 'K daksha sree', 3, 2, '2020-03-03 20:05:27', '2020-03-03 20:05:27'),
(896, '162.158.166.18', 'Pruthviraj', 3, 1, '2020-03-03 20:05:39', '2020-03-03 20:05:39'),
(897, '172.69.134.72', '198R1A05M1', 3, 1, '2020-03-03 20:07:11', '2020-03-03 20:07:11'),
(898, '172.68.167.73', 'Harshitha', 3, 1, '2020-03-03 20:08:50', '2020-03-03 20:08:50'),
(899, '172.68.167.79', 'S.S.Harshitha', 3, 1, '2020-03-03 20:10:07', '2020-03-03 20:10:07'),
(900, '162.158.166.18', 'Muthyam kavya', 3, 1, '2020-03-03 20:10:53', '2020-03-03 20:10:53'),
(901, '162.158.154.34', 'Shashank reddy', 3, 1, '2020-03-03 20:11:04', '2020-03-03 20:11:04'),
(902, '172.69.135.55', 'Aashritha', 3, 1, '2020-03-03 20:11:16', '2020-03-03 20:11:16'),
(903, '162.158.166.218', 'N.abhilash', 3, 1, '2020-03-03 20:13:38', '2020-03-03 20:13:38'),
(904, '162.158.165.143', 'Vardhini', 3, 1, '2020-03-03 20:14:18', '2020-03-03 20:14:18'),
(905, '162.158.165.143', 'Vardhini', 1, 1, '2020-03-03 20:14:55', '2020-03-03 20:14:55'),
(906, '162.158.167.131', 'Aa', 3, 1, '2020-03-03 20:14:59', '2020-03-03 20:14:59'),
(907, '172.69.135.239', 'NEERAJ Rao', 3, 1, '2020-03-03 20:16:03', '2020-03-03 20:16:03'),
(908, '172.69.134.210', 'H Mahesh', 3, 1, '2020-03-03 20:19:21', '2020-03-03 20:19:21'),
(909, '162.158.165.201', 'Jay', 3, 1, '2020-03-03 20:22:50', '2020-03-03 20:22:50'),
(910, '172.68.167.79', 'Chandu', 3, 1, '2020-03-03 20:24:33', '2020-03-03 20:24:33'),
(911, '141.101.99.158', 'Shashank reddy', 3, 1, '2020-03-03 20:35:37', '2020-03-03 20:35:37'),
(912, '141.101.99.158', 'Shashank  kumar reddy', 3, 1, '2020-03-03 20:36:31', '2020-03-03 20:36:31'),
(913, '172.69.135.243', 'Sfhhh', 3, 1, '2020-03-03 20:37:07', '2020-03-03 20:37:07'),
(914, '172.69.135.243', 'Rohith', 3, 1, '2020-03-03 20:37:33', '2020-03-03 20:37:33'),
(915, '172.69.135.243', 'Siraj khan', 3, 1, '2020-03-03 20:41:03', '2020-03-03 20:41:03'),
(916, '162.158.167.67', 'Siraj khan', 3, 1, '2020-03-03 20:41:48', '2020-03-03 20:41:48'),
(917, '172.69.135.239', 'Janvi Agarwal', 3, 1, '2020-03-03 20:42:26', '2020-03-03 20:42:26'),
(918, '162.158.167.17', 'N.abhilash', 3, 1, '2020-03-03 20:43:13', '2020-03-03 20:43:13'),
(919, '172.69.135.243', 'A BORIS', 3, 1, '2020-03-03 20:44:03', '2020-03-03 20:44:03'),
(920, '172.69.135.243', 'Boris', 3, 1, '2020-03-03 20:44:30', '2020-03-03 20:44:30'),
(921, '162.158.165.143', 'Unknown', 3, 1, '2020-03-03 20:47:22', '2020-03-03 20:47:22'),
(922, '162.158.167.17', 'Vardhini', 3, 1, '2020-03-03 20:48:37', '2020-03-03 20:48:37'),
(923, '162.158.165.143', 'M Rohit Goud', 3, 1, '2020-03-03 20:48:44', '2020-03-03 20:48:44'),
(924, '172.69.135.243', 'Boris', 1, 1, '2020-03-03 20:49:34', '2020-03-03 20:49:34'),
(925, '162.158.165.143', 'M Rohit Goud', 1, 1, '2020-03-03 20:49:36', '2020-03-03 20:49:36'),
(926, '172.69.134.72', 'Janvi Agarwal', 3, 1, '2020-03-03 20:49:53', '2020-03-03 20:49:53'),
(927, '162.158.165.143', 'M Rohit Goud', 3, 4, '2020-03-03 20:50:35', '2020-03-03 20:50:35'),
(928, '172.68.146.83', 'Nalluri varshini', 3, 1, '2020-03-03 20:50:37', '2020-03-03 20:50:37'),
(929, '162.158.165.213', 'Janvi Agarwal', 3, 1, '2020-03-03 20:51:04', '2020-03-03 20:51:04'),
(930, '162.158.165.213', 'Janvi Agarwal', 1, 1, '2020-03-03 20:55:05', '2020-03-03 20:55:05'),
(931, '162.158.167.167', 'Krishna kiriti', 3, 1, '2020-03-03 20:56:36', '2020-03-03 20:56:36'),
(932, '162.158.167.167', 'Bobbili badri vishal reddy', 3, 1, '2020-03-03 20:57:10', '2020-03-03 20:57:10'),
(933, '162.158.165.143', 'Janvi Agarwal', 2, 1, '2020-03-03 20:59:57', '2020-03-03 20:59:57'),
(934, '172.68.167.79', 'Evuri Navya Sree', 3, 1, '2020-03-03 21:08:29', '2020-03-03 21:08:29'),
(935, '172.69.135.243', 'Thagellapally likhitha', 1, 1, '2020-03-03 21:09:10', '2020-03-03 21:09:10'),
(936, '162.158.167.131', 'Thagellapally likhitha', 3, 1, '2020-03-03 21:13:16', '2020-03-03 21:13:16'),
(937, '172.68.167.103', 'Thomas', 3, 1, '2020-03-03 21:14:52', '2020-03-03 21:14:52'),
(938, '172.69.134.204', '198R1A0513', 3, 1, '2020-03-03 21:19:19', '2020-03-03 21:19:19'),
(939, '162.158.158.160', 'S', 3, 1, '2020-03-03 21:39:57', '2020-03-03 21:39:57'),
(940, '162.158.167.167', 'G SAI DHEERAJ', 3, 1, '2020-03-03 21:46:08', '2020-03-03 21:46:08'),
(941, '172.69.135.239', 'Tarun', 3, 1, '2020-03-03 22:06:21', '2020-03-03 22:06:21'),
(942, '141.101.107.201', 'Mohammed Zeeshan Ali', 3, 1, '2020-03-03 22:21:29', '2020-03-03 22:21:29'),
(943, '162.158.155.149', 'Mohammed Zeeshan Ali', 3, 1, '2020-03-03 22:23:00', '2020-03-03 22:23:00'),
(944, '172.68.167.103', 'K  Sri Kalyani Keerthi', 3, 1, '2020-03-03 22:42:21', '2020-03-03 22:42:21'),
(945, '172.68.146.245', 'Nalluri varshini', 3, 1, '2020-03-03 22:49:19', '2020-03-03 22:49:19'),
(946, '162.158.165.143', 'Sh', 1, 1, '2020-03-03 23:07:32', '2020-03-03 23:07:32'),
(947, '172.68.146.245', 'Garre Venkata Shiva Kumar', 3, 1, '2020-03-03 23:30:40', '2020-03-03 23:30:40'),
(948, '172.69.134.204', 'Joshua', 3, 1, '2020-03-03 23:33:44', '2020-03-03 23:33:44'),
(949, '172.68.146.245', 'Aeun', 3, 1, '2020-03-03 23:35:11', '2020-03-03 23:35:11'),
(950, '172.68.146.125', 'Joshua', 3, 1, '2020-03-03 23:36:20', '2020-03-03 23:36:20'),
(951, '172.68.146.245', '198R1A0515', 3, 1, '2020-03-04 05:35:49', '2020-03-04 05:35:49'),
(952, '172.68.146.113', 'THANGELLAPALLY LIKHITHA', 3, 1, '2020-03-04 07:35:49', '2020-03-04 07:35:49'),
(953, '172.68.146.113', 'THAGELLAPALLY LIKHITHA', 3, 1, '2020-03-04 07:35:59', '2020-03-04 07:35:59'),
(954, '172.68.146.83', 'Kiran', 3, 1, '2020-03-04 08:35:16', '2020-03-04 08:35:16'),
(955, '172.68.146.83', 'Kothapalli kiran satya sai', 3, 1, '2020-03-04 08:35:38', '2020-03-04 08:35:38'),
(956, '162.158.167.9', 'KOTHAPALLI KIRAN SATYA SAI', 3, 1, '2020-03-04 08:36:55', '2020-03-04 08:36:55'),
(957, '162.158.155.53', 'Manisha', 1, 1, '2020-03-04 10:01:04', '2020-03-04 10:01:04'),
(958, '172.69.134.66', 'omar', 1, 1, '2020-03-04 15:33:43', '2020-03-04 15:33:43'),
(959, '162.158.155.221', 'S krishna kiriti', 3, 1, '2020-03-04 20:55:31', '2020-03-04 20:55:31'),
(960, '172.68.167.73', 'Thomas', 3, 1, '2020-03-04 21:03:49', '2020-03-04 21:03:49'),
(961, '162.158.165.197', 'omar', 1, 1, '2020-03-05 08:41:09', '2020-03-05 08:41:09'),
(962, '172.69.134.252', 'O', 1, 1, '2020-03-05 11:00:31', '2020-03-05 11:00:31'),
(963, '162.158.166.20', 'omar', 1, 1, '2020-03-05 18:44:25', '2020-03-05 18:44:25'),
(964, '172.68.146.125', 'Bhumika Reddy', 3, 1, '2020-03-10 16:18:56', '2020-03-10 16:18:56'),
(965, '162.158.227.33', 'Bhavya', 1, 1, '2020-03-10 16:56:15', '2020-03-10 16:56:15'),
(966, '162.158.227.19', 'Kalavena sagar', 1, 1, '2020-03-13 05:05:53', '2020-03-13 05:05:53'),
(967, '172.68.146.65', 'Aa', 3, 1, '2020-03-24 17:53:24', '2020-03-24 17:53:24'),
(968, '172.68.146.65', 'Aa', 1, 1, '2020-03-24 17:54:08', '2020-03-24 17:54:08'),
(969, '172.69.135.231', 'omar', 1, 1, '2020-03-27 09:30:52', '2020-03-27 09:30:52'),
(970, '162.158.50.219', 'Aashritha', 3, 1, '2020-04-05 11:34:49', '2020-04-05 11:34:49'),
(971, '162.158.50.219', 'Aashritha', 3, 1, '2020-04-05 11:34:49', '2020-04-05 11:34:49'),
(972, '172.68.167.31', 'Naveen', 1, 1, '2020-04-09 01:00:33', '2020-04-09 01:00:33'),
(973, '162.158.167.181', 'Omar', 1, 1, '2020-04-20 18:37:40', '2020-04-20 18:37:40'),
(974, '162.158.155.161', 'roshan', 1, 1, '2020-04-27 19:30:18', '2020-04-27 19:30:18'),
(975, '141.101.98.143', 'xyz', 1, 1, '2020-04-27 21:06:55', '2020-04-27 21:06:55'),
(976, '162.158.154.130', 'Kishore', 1, 1, '2020-04-27 21:16:50', '2020-04-27 21:16:50'),
(977, '162.158.155.161', '1', 1, 1, '2020-04-27 21:18:16', '2020-04-27 21:18:16'),
(978, '162.158.159.85', 'xyz', 1, 1, '2020-04-27 21:26:37', '2020-04-27 21:26:37'),
(979, '162.158.159.105', 'Kishore', 1, 1, '2020-04-27 21:34:42', '2020-04-27 21:34:42'),
(980, '162.158.154.238', 'Kishore', 1, 1, '2020-04-27 21:58:37', '2020-04-27 21:58:37'),
(981, '162.158.165.5', 'C', 1, 1, '2020-04-27 22:40:05', '2020-04-27 22:40:05'),
(982, '172.68.167.31', 'Jsjska', 1, 1, '2020-04-27 22:40:40', '2020-04-27 22:40:40'),
(983, '162.158.167.71', 'Suraj', 1, 1, '2020-04-28 08:40:03', '2020-04-28 08:40:03'),
(984, '162.158.50.254', 'Sravanthi', 1, 1, '2020-04-28 08:50:35', '2020-04-28 08:50:35'),
(985, '162.158.50.219', 'Gunti Akhila', 1, 1, '2020-04-28 08:51:11', '2020-04-28 08:51:11'),
(986, '162.158.165.43', 'Praveen Teja', 1, 1, '2020-04-28 08:51:18', '2020-04-28 08:51:18'),
(987, '141.101.69.54', 'Priyanka', 1, 1, '2020-04-28 08:52:03', '2020-04-28 08:52:03'),
(988, '162.158.167.69', 'Srividya', 1, 1, '2020-04-28 08:52:13', '2020-04-28 08:52:13'),
(989, '162.158.165.69', '178R1A0553', 1, 1, '2020-04-28 08:52:49', '2020-04-28 08:52:49'),
(990, '172.68.146.101', 'Yerra Yamini', 1, 1, '2020-04-28 08:56:24', '2020-04-28 08:56:24'),
(991, '162.158.50.219', 'Sumasree', 1, 1, '2020-04-28 08:57:18', '2020-04-28 08:57:18'),
(992, '162.158.50.229', 'Manikantasriramoju', 1, 1, '2020-04-28 08:57:45', '2020-04-28 08:57:45'),
(993, '108.162.229.119', 'Priyanka', 1, 1, '2020-04-28 08:58:37', '2020-04-28 08:58:37'),
(994, '172.68.146.143', 'G.Jaitej', 1, 1, '2020-04-28 08:59:47', '2020-04-28 08:59:47'),
(995, '172.68.146.101', 'Mounika Surnar', 1, 2, '2020-04-28 09:03:05', '2020-04-28 09:03:05'),
(996, '172.69.134.120', 'Anusha', 1, 1, '2020-04-28 09:09:50', '2020-04-28 09:09:50'),
(997, '162.158.159.13', 'Gunti Akhila', 1, 1, '2020-04-28 09:11:14', '2020-04-28 09:11:14'),
(998, '162.158.167.197', 'Mounika surnar', 1, 2, '2020-04-28 09:12:23', '2020-04-28 09:12:23'),
(999, '162.158.50.239', '178R1A0504', 1, 1, '2020-04-28 09:12:36', '2020-04-28 09:12:36'),
(1000, '162.158.198.157', 'Anusha', 1, 1, '2020-04-28 09:17:53', '2020-04-28 09:17:53'),
(1001, '162.158.167.69', 'Anusha', 1, 1, '2020-04-28 09:34:15', '2020-04-28 09:34:15'),
(1002, '162.158.167.197', 'Anusha', 1, 1, '2020-04-28 09:37:53', '2020-04-28 09:37:53'),
(1003, '162.158.166.166', 'Spandana', 1, 1, '2020-04-28 09:40:14', '2020-04-28 09:40:14'),
(1004, '162.158.166.166', 'Mosangi spandana', 1, 1, '2020-04-28 09:41:15', '2020-04-28 09:41:15'),
(1005, '162.158.50.219', 'Shetal kothari', 1, 1, '2020-04-28 09:53:04', '2020-04-28 09:53:04'),
(1006, '162.158.50.254', 'Shetal kothari', 1, 1, '2020-04-28 10:01:45', '2020-04-28 10:01:45'),
(1007, '172.69.135.211', 'Praveen Teja', 1, 1, '2020-04-28 10:02:21', '2020-04-28 10:02:21'),
(1008, '162.158.166.166', 'Praveen Teja', 1, 1, '2020-04-28 10:12:17', '2020-04-28 10:12:17'),
(1009, '162.158.167.103', 'Praveen Teja', 1, 1, '2020-04-28 10:14:37', '2020-04-28 10:14:37'),
(1010, '162.158.167.119', 'Praveen Teja', 1, 1, '2020-04-28 10:15:56', '2020-04-28 10:15:56'),
(1011, '162.158.198.173', 'AJ', 1, 1, '2020-04-28 10:22:56', '2020-04-28 10:22:56'),
(1012, '162.158.166.36', 'AJ', 1, 1, '2020-04-28 10:29:04', '2020-04-28 10:29:04'),
(1013, '162.158.165.61', 'D. Pallavi', 1, 1, '2020-04-28 10:47:22', '2020-04-28 10:47:22'),
(1014, '162.158.167.197', 'Harsha', 1, 1, '2020-04-28 10:48:27', '2020-04-28 10:48:27'),
(1015, '162.158.167.69', 'D. Pallavi', 1, 1, '2020-04-28 10:48:41', '2020-04-28 10:48:41'),
(1016, '172.69.135.199', 'D. Pallavi', 1, 1, '2020-04-28 10:49:31', '2020-04-28 10:49:31'),
(1017, '141.101.69.248', 'SwapnaReddy', 1, 1, '2020-04-28 10:53:24', '2020-04-28 10:53:24'),
(1018, '162.158.50.219', 'Chiranjeevi', 1, 1, '2020-04-28 10:53:52', '2020-04-28 10:53:52'),
(1019, '172.68.167.103', 'Naveen', 1, 1, '2020-04-28 11:16:33', '2020-04-28 11:16:33'),
(1020, '172.68.167.97', 'Ghe', 1, 1, '2020-04-28 11:20:06', '2020-04-28 11:20:06'),
(1021, '141.101.98.83', 'Bhavya', 1, 1, '2020-04-28 11:21:07', '2020-04-28 11:21:07'),
(1022, '162.158.167.197', 'Bhavya', 1, 1, '2020-04-28 11:31:36', '2020-04-28 11:31:36'),
(1023, '162.158.159.13', 'Gayathri', 1, 1, '2020-04-28 11:59:33', '2020-04-28 11:59:33'),
(1024, '162.158.167.13', 'Yerra Yamini', 1, 1, '2020-04-28 12:22:05', '2020-04-28 12:22:05'),
(1025, '162.158.50.254', 'Achyuth prabhakar', 1, 1, '2020-04-28 12:23:05', '2020-04-28 12:23:05'),
(1026, '162.158.50.254', '178R1A0504', 1, 1, '2020-04-28 12:23:38', '2020-04-28 12:23:38'),
(1027, '172.68.167.97', 'Mani', 1, 1, '2020-04-28 12:30:32', '2020-04-28 12:30:32'),
(1028, '162.158.50.201', 'Manikantasriramoju', 1, 1, '2020-04-28 12:31:17', '2020-04-28 12:31:17'),
(1029, '162.158.154.130', '1', 1, 1, '2020-04-28 12:36:06', '2020-04-28 12:36:06'),
(1030, '162.158.159.67', 'Gayathri', 1, 1, '2020-04-28 12:36:44', '2020-04-28 12:36:44'),
(1031, '172.68.167.97', 'Murthy', 1, 1, '2020-04-28 15:54:58', '2020-04-28 15:54:58'),
(1032, '162.158.166.36', 'Praveen Teja', 1, 1, '2020-04-28 18:32:37', '2020-04-28 18:32:37'),
(1033, '172.68.167.103', 'Praveen Teja', 1, 1, '2020-04-28 18:32:57', '2020-04-28 18:32:57'),
(1034, '172.68.167.31', 'Praveen Teja', 1, 1, '2020-04-28 18:43:45', '2020-04-28 18:43:45'),
(1035, '162.158.167.69', 'Meghana', 1, 1, '2020-04-28 19:28:53', '2020-04-28 19:28:53'),
(1036, '162.158.166.36', 'ajitesh', 1, 1, '2020-04-28 23:21:12', '2020-04-28 23:21:12'),
(1037, '172.68.167.31', '0o', 1, 1, '2020-04-28 23:46:58', '2020-04-28 23:46:58'),
(1038, '172.68.167.73', 'a', 1, 1, '2020-04-29 08:54:07', '2020-04-29 08:54:07'),
(1039, '162.158.165.111', 'Agapati Saivardhan', 1, 1, '2020-04-29 11:55:25', '2020-04-29 11:55:25'),
(1040, '172.68.167.97', '178R1A05F7', 1, 1, '2020-04-29 12:49:25', '2020-04-29 12:49:25'),
(1041, '141.101.98.73', 'vhjm', 1, 1, '2020-04-29 16:30:03', '2020-04-29 16:30:03'),
(1042, '162.158.166.188', 'D Niharika', 1, 1, '2020-04-29 18:58:50', '2020-04-29 18:58:50'),
(1043, '162.158.167.9', 'D niharika', 1, 1, '2020-04-29 19:01:54', '2020-04-29 19:01:54'),
(1044, '162.158.167.197', '..', 1, 1, '2020-04-29 19:06:37', '2020-04-29 19:06:37'),
(1045, '172.69.134.234', 'Praveen Teja', 1, 1, '2020-05-01 09:31:55', '2020-05-01 09:31:55'),
(1046, '162.158.167.13', 'Praveen Teja', 1, 1, '2020-05-01 23:55:00', '2020-05-01 23:55:00'),
(1047, '49.204.181.41', 'omar', 1, 1, '2020-05-03 05:20:35', '2020-05-03 05:20:35'),
(1048, '49.204.181.41', 'omar', 2, 1, '2020-05-03 05:31:42', '2020-05-03 05:31:42'),
(1049, '49.204.181.41', 'omar', 3, 1, '2020-05-03 05:31:51', '2020-05-03 05:31:51'),
(1050, '49.204.181.41', '0o', 1, 1, '2020-05-03 06:02:05', '2020-05-03 06:02:05'),
(1051, '49.204.181.41', '0o', 1, 2, '2020-05-03 06:11:05', '2020-05-03 06:11:05'),
(1052, '162.158.158.210', 'Xyz', 1, 1, '2020-05-03 12:40:39', '2020-05-03 12:40:39'),
(1053, '172.68.167.97', '0o', 1, 1, '2020-05-03 14:14:51', '2020-05-03 14:14:51'),
(1054, '162.158.155.131', 'vhjm', 1, 1, '2020-05-03 14:22:39', '2020-05-03 14:22:39'),
(1055, '172.68.167.97', '0o', 2, 5, '2020-05-03 14:43:33', '2020-05-03 14:43:33'),
(1056, '162.158.158.192', 'vhjm', 1, 1, '2020-05-03 22:26:49', '2020-05-03 22:26:49'),
(1057, '172.68.167.31', 'Mani', 1, 1, '2020-05-04 05:11:35', '2020-05-04 05:11:35'),
(1058, '172.68.167.103', '0o', 1, 1, '2020-05-20 16:13:38', '2020-05-20 16:13:38'),
(1059, '162.158.159.67', '1', 1, 1, '2020-05-22 20:52:12', '2020-05-22 20:52:12'),
(1060, '162.158.165.53', 'Yerra Yamini', 1, 1, '2020-05-22 20:53:29', '2020-05-22 20:53:29'),
(1061, '172.68.167.31', 's', 1, 1, '2020-06-08 00:06:36', '2020-06-08 00:06:36'),
(1062, '172.68.167.31', 's', 1, 1, '2020-06-08 00:06:36', '2020-06-08 00:06:36'),
(1063, '188.114.103.158', 'xyz', 1, 1, '2020-06-25 18:17:35', '2020-06-25 18:17:35'),
(1064, '172.68.167.97', 'd', 1, 1, '2020-07-07 07:44:23', '2020-07-07 07:44:23'),
(1065, '172.68.167.79', 'Abhi', 1, 1, '2020-07-17 12:38:53', '2020-07-17 12:38:53'),
(1066, '172.68.167.97', 'y', 1, 1, '2020-07-18 11:01:34', '2020-07-18 11:01:34'),
(1067, '162.158.167.69', 'Harsha', 1, 1, '2020-07-18 11:02:49', '2020-07-18 11:02:49'),
(1068, '162.158.166.18', 'Harsha', 1, 1, '2020-07-18 16:23:16', '2020-07-18 16:23:16'),
(1069, '162.158.166.96', 'Dhyuthi', 1, 1, '2020-07-25 09:03:45', '2020-07-25 09:03:45'),
(1070, '162.158.166.104', 'Dhyuthi', 1, 1, '2020-07-25 09:06:28', '2020-07-25 09:06:28'),
(1071, '162.158.167.131', 'A.Sumasree', 1, 1, '2020-07-25 09:51:17', '2020-07-25 09:51:17'),
(1072, '162.158.166.104', 'Gayathri', 1, 1, '2020-07-25 10:02:08', '2020-07-25 10:02:08'),
(1073, '162.158.166.22', 'Ja', 1, 1, '2020-07-25 11:03:54', '2020-07-25 11:03:54'),
(1074, '172.69.135.31', 'Harika', 1, 1, '2020-07-25 13:00:40', '2020-07-25 13:00:40'),
(1075, '162.158.165.45', 'Dhyuthi', 1, 1, '2020-07-25 17:19:18', '2020-07-25 17:19:18'),
(1076, '162.158.234.139', 'xgfjx', 1, 1, '2020-08-04 19:57:48', '2020-08-04 19:57:48'),
(1077, '188.114.103.128', 'sumanth', 1, 1, '2020-08-05 01:09:58', '2020-08-05 01:09:58'),
(1078, '172.68.253.92', 'xgfjx', 1, 1, '2020-08-05 15:36:44', '2020-08-05 15:36:44'),
(1079, '188.114.111.62', 'swapna', 1, 1, '2020-08-06 19:41:00', '2020-08-06 19:41:00'),
(1080, '188.114.110.39', 'swapna', 1, 1, '2020-08-06 19:51:10', '2020-08-06 19:51:10'),
(1081, '162.158.165.133', 'Harsha', 1, 1, '2020-08-06 19:53:57', '2020-08-06 19:53:57'),
(1082, '162.158.165.29', 'Bolla kavya', 1, 1, '2020-08-06 20:17:00', '2020-08-06 20:17:00'),
(1083, '172.68.167.103', 'teruko kyu re', 1, 1, '2020-08-07 09:53:23', '2020-08-07 09:53:23'),
(1084, '172.68.167.103', 'teruko kyu re', 1, 1, '2020-08-07 09:53:23', '2020-08-07 09:53:23'),
(1085, '172.68.146.101', 'Prasanth', 1, 1, '2020-08-07 12:37:28', '2020-08-07 12:37:28'),
(1086, '162.158.166.220', 'M.Srujana', 1, 1, '2020-08-07 13:09:22', '2020-08-07 13:09:22'),
(1087, '162.158.166.220', 'M. Srujana', 1, 1, '2020-08-07 13:15:27', '2020-08-07 13:15:27'),
(1088, '162.158.166.138', 'M. Srujana', 1, 1, '2020-08-07 14:51:33', '2020-08-07 14:51:33'),
(1089, '162.158.165.175', 'M.Srujana', 1, 1, '2020-08-07 15:11:39', '2020-08-07 15:11:39'),
(1090, '162.158.165.47', 'Bolla kavya', 1, 1, '2020-08-07 15:16:31', '2020-08-07 15:16:31'),
(1091, '162.158.179.121', 'Bolla kavya', 1, 1, '2020-08-07 15:17:33', '2020-08-07 15:17:33'),
(1092, '162.158.178.22', 'Bolla kavya', 1, 1, '2020-08-07 15:21:09', '2020-08-07 15:21:09'),
(1093, '162.158.166.186', 'Rahul', 1, 1, '2020-08-07 17:01:29', '2020-08-07 17:01:29'),
(1094, '188.114.111.188', 'xgfjx', 1, 1, '2020-08-07 19:23:12', '2020-08-07 19:23:12'),
(1095, '162.158.166.126', 'pandey', 1, 1, '2020-08-07 19:32:19', '2020-08-07 19:32:19'),
(1096, '162.158.178.232', 'y', 1, 1, '2020-08-07 20:28:37', '2020-08-07 20:28:37'),
(1097, '162.158.167.131', 'Swapna', 1, 1, '2020-08-07 20:31:48', '2020-08-07 20:31:48'),
(1098, '162.158.166.220', 'Swapna', 1, 1, '2020-08-07 20:34:21', '2020-08-07 20:34:21'),
(1099, '162.158.166.228', 'Swapna', 1, 1, '2020-08-07 20:35:40', '2020-08-07 20:35:40'),
(1100, '162.158.165.137', 'Swapna', 1, 1, '2020-08-07 20:38:59', '2020-08-07 20:38:59'),
(1101, '162.158.166.186', 'Jaideep', 1, 1, '2020-08-07 20:44:13', '2020-08-07 20:44:13'),
(1102, '188.114.102.49', 'I', 1, 1, '2020-08-07 21:00:33', '2020-08-07 21:00:33'),
(1103, '188.114.102.7', 'Harika', 1, 1, '2020-08-07 21:15:40', '2020-08-07 21:15:40'),
(1104, '162.158.166.220', 'harika', 1, 1, '2020-08-07 21:17:56', '2020-08-07 21:17:56'),
(1105, '162.158.165.169', 'Harika reddy', 1, 1, '2020-08-07 21:18:38', '2020-08-07 21:18:38'),
(1106, '162.158.165.175', 'tejaswi', 1, 1, '2020-08-07 21:39:27', '2020-08-07 21:39:27'),
(1107, '162.158.178.250', 'nikitha', 1, 1, '2020-08-07 21:45:01', '2020-08-07 21:45:01'),
(1108, '188.114.110.9', 'Harika', 1, 1, '2020-08-07 21:47:27', '2020-08-07 21:47:27'),
(1109, '172.68.255.89', 'nikit', 1, 1, '2020-08-07 22:03:19', '2020-08-07 22:03:19'),
(1110, '188.114.103.244', 'xgfjx', 1, 1, '2020-08-07 22:03:20', '2020-08-07 22:03:20');
INSERT INTO `user_datas` (`id`, `ip_address`, `name`, `regulation_id`, `branch_id`, `created_at`, `updated_at`) VALUES
(1111, '162.158.166.186', 'xgfjx', 1, 1, '2020-08-07 22:03:26', '2020-08-07 22:03:26'),
(1112, '172.69.134.96', 'Jaswanth', 1, 1, '2020-08-07 22:05:13', '2020-08-07 22:05:13'),
(1113, '172.68.253.92', 'Qwert', 1, 1, '2020-08-07 22:06:20', '2020-08-07 22:06:20'),
(1114, '162.158.165.211', 'J', 1, 1, '2020-08-07 22:06:39', '2020-08-07 22:06:39'),
(1115, '162.158.178.24', 'm', 1, 1, '2020-08-07 22:15:20', '2020-08-07 22:15:20'),
(1116, '162.158.31.151', 'SUMANTH', 1, 1, '2020-08-07 22:16:51', '2020-08-07 22:16:51'),
(1117, '172.68.146.101', 'Bhavya', 1, 1, '2020-08-07 22:24:36', '2020-08-07 22:24:36'),
(1118, '172.68.146.101', 'Bhavya', 1, 2, '2020-08-07 22:25:13', '2020-08-07 22:25:13'),
(1119, '162.158.178.232', 'Qwert', 1, 1, '2020-08-07 22:32:32', '2020-08-07 22:32:32'),
(1120, '162.158.178.232', 'Qwet', 1, 1, '2020-08-07 22:33:58', '2020-08-07 22:33:58'),
(1121, '162.158.178.254', 'omar pandey', 1, 1, '2020-08-07 22:34:51', '2020-08-07 22:34:51'),
(1122, '162.158.165.137', 'Harsha', 1, 1, '2020-08-07 22:40:39', '2020-08-07 22:40:39'),
(1123, '188.114.111.134', 'xgfjx', 1, 1, '2020-08-08 01:29:10', '2020-08-08 01:29:10'),
(1124, '188.114.102.7', 'xgfjx', 1, 1, '2020-08-08 02:41:59', '2020-08-08 02:41:59'),
(1125, '162.158.34.175', '1', 1, 1, '2020-08-08 06:22:20', '2020-08-08 06:22:20'),
(1126, '162.158.165.195', 'Harsha', 1, 1, '2020-08-08 08:18:00', '2020-08-08 08:18:00'),
(1127, '172.69.134.144', 'Qwert', 1, 1, '2020-08-08 08:20:36', '2020-08-08 08:20:36'),
(1128, '162.158.178.98', 'sadma', 1, 1, '2020-08-08 08:31:22', '2020-08-08 08:31:22'),
(1129, '162.158.31.169', '178R1A0553', 1, 1, '2020-08-08 09:05:21', '2020-08-08 09:05:21'),
(1130, '162.158.166.220', 'DeviSingh Thakur', 1, 1, '2020-08-08 10:12:46', '2020-08-08 10:12:46'),
(1131, '162.158.166.220', 'DeviSingh', 1, 5, '2020-08-08 10:13:10', '2020-08-08 10:13:10'),
(1132, '162.158.179.19', 'Qwert', 1, 1, '2020-08-08 10:19:38', '2020-08-08 10:19:38'),
(1133, '172.68.146.77', 'Tt', 1, 1, '2020-08-08 10:22:26', '2020-08-08 10:22:26'),
(1134, '172.68.167.97', 'sdfs', 1, 1, '2020-08-08 10:28:59', '2020-08-08 10:28:59'),
(1135, '162.158.165.47', 'Tt', 1, 1, '2020-08-08 10:40:35', '2020-08-08 10:40:35'),
(1136, '162.158.178.144', 'Qwert', 1, 1, '2020-08-08 11:39:32', '2020-08-08 11:39:32'),
(1137, '172.68.146.89', 'Tt', 1, 1, '2020-08-08 11:59:53', '2020-08-08 11:59:53'),
(1138, '162.158.178.254', 'prashanth', 1, 1, '2020-08-08 12:00:04', '2020-08-08 12:00:04'),
(1139, '162.158.178.172', 'Qwert', 1, 1, '2020-08-08 12:00:54', '2020-08-08 12:00:54'),
(1140, '162.158.166.186', 'Harsha', 1, 1, '2020-08-08 12:09:40', '2020-08-08 12:09:40'),
(1141, '172.68.167.103', 'a', 1, 1, '2020-08-08 13:03:02', '2020-08-08 13:03:02'),
(1142, '162.158.165.175', 'N Prashanth', 1, 1, '2020-08-08 14:55:26', '2020-08-08 14:55:26'),
(1143, '188.114.111.202', 'xgfjx', 1, 1, '2020-08-10 00:04:49', '2020-08-10 00:04:49'),
(1144, '162.158.50.227', 'xgfjx', 1, 1, '2020-08-10 00:05:18', '2020-08-10 00:05:18'),
(1145, '162.158.191.167', 'xgfjx', 1, 1, '2020-08-10 00:05:27', '2020-08-10 00:05:27'),
(1146, '162.158.167.161', 'M Mythri Reddy', 1, 1, '2020-08-10 13:32:17', '2020-08-10 13:32:17'),
(1147, '162.158.165.29', 'Mm', 1, 1, '2020-08-10 19:28:02', '2020-08-10 19:28:02'),
(1148, '162.158.166.228', 'Harsha', 1, 1, '2020-08-11 12:12:14', '2020-08-11 12:12:14'),
(1149, '162.158.31.139', 'xgfjx', 1, 1, '2020-08-11 12:28:00', '2020-08-11 12:28:00'),
(1150, '162.158.165.47', 'Prashanth', 1, 1, '2020-08-11 12:31:12', '2020-08-11 12:31:12'),
(1151, '162.158.165.133', 'F', 1, 1, '2020-08-11 12:31:19', '2020-08-11 12:31:19'),
(1152, '162.158.165.221', 'Gayathri', 1, 1, '2020-08-11 13:05:28', '2020-08-11 13:05:28'),
(1153, '172.68.167.97', 'z', 1, 1, '2020-08-11 23:36:28', '2020-08-11 23:36:28'),
(1154, '188.114.111.222', '1', 1, 1, '2020-08-18 17:11:57', '2020-08-18 17:11:57'),
(1155, '172.68.167.103', 'g', 1, 1, '2020-08-20 20:29:16', '2020-08-20 20:29:16'),
(1156, '162.158.167.107', 'Korrakuti indhra venkata saikumar', 1, 1, '2020-09-07 17:06:37', '2020-09-07 17:06:37'),
(1157, '162.158.23.116', 'Korrakuti indhra venkata saikumar', 1, 1, '2020-09-07 17:21:35', '2020-09-07 17:21:35'),
(1158, '162.158.159.110', 'keshireddy pranay', 1, 1, '2020-09-10 09:12:47', '2020-09-10 09:12:47'),
(1159, '172.68.167.91', 'srividya', 1, 1, '2020-09-12 13:10:20', '2020-09-12 13:10:20'),
(1160, '172.68.167.91', 'bheru', 1, 1, '2020-10-01 18:28:28', '2020-10-01 18:28:28'),
(1161, '172.68.167.85', 'y', 1, 1, '2020-10-07 08:34:33', '2020-10-07 08:34:33'),
(1162, '172.68.167.19', 'Password', 1, 1, '2020-10-09 19:39:11', '2020-10-09 19:39:11'),
(1163, '172.68.167.91', 'xc', 1, 1, '2020-10-26 12:33:08', '2020-10-26 12:33:08'),
(1164, '162.158.165.105', 'bgbgb', 1, 1, '2020-10-28 09:12:59', '2020-10-28 09:12:59'),
(1165, '172.68.146.209', 'Soumya', 1, 1, '2020-11-02 08:55:37', '2020-11-02 08:55:37'),
(1166, '172.69.135.103', 'Soumya', 1, 1, '2020-11-02 09:01:12', '2020-11-02 09:01:12'),
(1167, '172.69.135.103', 'Vamshi', 1, 1, '2020-11-02 09:12:07', '2020-11-02 09:12:07'),
(1168, '172.68.146.245', 'Dhatrika', 1, 1, '2020-11-02 10:37:00', '2020-11-02 10:37:00'),
(1169, '172.68.167.19', '__', 1, 1, '2020-11-02 17:29:18', '2020-11-02 17:29:18'),
(1170, '172.68.167.19', '__', 1, 1, '2020-11-02 17:29:18', '2020-11-02 17:29:18'),
(1171, '172.68.167.103', '__', 1, 1, '2020-11-02 17:45:45', '2020-11-02 17:45:45'),
(1172, '172.68.167.85', 'mohan', 1, 1, '2020-11-02 18:09:53', '2020-11-02 18:09:53'),
(1173, '162.158.166.68', 'Bhavya', 1, 1, '2020-11-02 21:21:47', '2020-11-02 21:21:47'),
(1174, '172.68.167.91', '__', 1, 1, '2020-11-03 20:40:52', '2020-11-03 20:40:52'),
(1175, '162.158.166.140', 'Bhavya', 1, 1, '2020-11-04 18:27:27', '2020-11-04 18:27:27'),
(1176, '172.68.146.245', 'Bhavya', 1, 1, '2020-11-04 18:35:18', '2020-11-04 18:35:18'),
(1177, '172.69.135.103', 'Madhuri', 1, 1, '2020-11-05 20:30:58', '2020-11-05 20:30:58'),
(1178, '172.68.146.131', 'Sai', 1, 1, '2020-11-05 22:08:59', '2020-11-05 22:08:59'),
(1179, '172.68.167.104', 'pokd', 1, 1, '2020-11-16 15:46:22', '2020-11-16 15:46:22'),
(1180, '162.158.49.39', 'Achyuth', 1, 1, '2020-12-29 10:40:31', '2020-12-29 10:40:31'),
(1181, '162.158.227.113', 'xgfjx', 1, 1, '2021-01-09 17:50:16', '2021-01-09 17:50:16'),
(1182, '162.158.227.113', 'xgfjx', 1, 1, '2021-01-09 17:50:16', '2021-01-09 17:50:16'),
(1183, '162.158.49.13', 'xgfjx', 1, 1, '2021-01-10 09:07:46', '2021-01-10 09:07:46'),
(1184, '162.158.49.12', 'xgfjx', 1, 1, '2021-01-10 09:07:46', '2021-01-10 09:07:46'),
(1185, '162.158.49.13', 'xgfjx', 1, 1, '2021-01-10 09:07:46', '2021-01-10 09:07:46'),
(1186, '162.158.49.53', 'xgfjx', 1, 1, '2021-01-10 18:08:18', '2021-01-10 18:08:18'),
(1187, '162.158.49.53', 'xgfjx', 1, 1, '2021-01-10 18:08:18', '2021-01-10 18:08:18'),
(1188, '162.158.227.119', 'xgfjx', 1, 1, '2021-01-10 18:44:39', '2021-01-10 18:44:39'),
(1189, '162.158.49.39', 'xgfjx', 1, 1, '2021-01-10 19:01:12', '2021-01-10 19:01:12'),
(1190, '162.158.227.128', 'xgfjx', 1, 1, '2021-01-11 15:48:30', '2021-01-11 15:48:30'),
(1191, '162.158.49.38', 'xgfjx', 1, 1, '2021-01-11 15:52:35', '2021-01-11 15:52:35'),
(1192, '162.158.165.238', 'xgfjx', 1, 1, '2021-01-11 17:02:56', '2021-01-11 17:02:56'),
(1193, '162.158.49.13', 'Pavithra', 1, 1, '2021-01-11 19:52:42', '2021-01-11 19:52:42'),
(1194, '162.158.49.39', 'Pavithra', 1, 1, '2021-01-11 19:56:10', '2021-01-11 19:56:10'),
(1195, '172.68.167.91', 'test', 1, 1, '2021-01-15 22:01:18', '2021-01-15 22:01:18'),
(1196, '172.68.146.173', 'J', 1, 1, '2021-01-15 22:25:24', '2021-01-15 22:25:24'),
(1197, '172.68.167.19', 'test', 1, 1, '2021-01-15 22:31:49', '2021-01-15 22:31:49'),
(1198, '162.158.49.49', 'xgfjx', 1, 1, '2021-01-16 12:47:11', '2021-01-16 12:47:11'),
(1199, '162.158.49.53', 'Pradeep', 1, 1, '2021-01-16 18:25:20', '2021-01-16 18:25:20'),
(1200, '162.158.235.12', 'Dhatrika keerthi', 1, 1, '2021-01-18 15:45:59', '2021-01-18 15:45:59'),
(1201, '162.158.49.49', 'sai', 1, 1, '2021-01-19 13:07:59', '2021-01-19 13:07:59'),
(1202, '162.158.49.13', 'sai', 1, 1, '2021-01-19 13:12:13', '2021-01-19 13:12:13'),
(1203, '162.158.165.239', 'Sindu', 1, 1, '2021-01-19 14:10:47', '2021-01-19 14:10:47'),
(1204, '162.158.49.39', 'hghg', 1, 1, '2021-01-19 14:12:51', '2021-01-19 14:12:51'),
(1205, '162.158.166.182', 'Bsheh', 1, 1, '2021-01-19 15:45:48', '2021-01-19 15:45:48'),
(1206, '162.158.165.187', 'Sindu', 1, 1, '2021-01-19 16:14:27', '2021-01-19 16:14:27'),
(1207, '172.68.167.91', 'Jaitej', 1, 1, '2021-01-19 16:15:16', '2021-01-19 16:15:16'),
(1208, '172.68.167.19', 'Omar', 1, 1, '2021-01-19 19:11:40', '2021-01-19 19:11:40'),
(1209, '162.158.235.12', 'Gajanan', 1, 1, '2021-01-19 19:13:09', '2021-01-19 19:13:09'),
(1210, '108.162.229.69', 'Vijay', 1, 1, '2021-01-20 09:44:04', '2021-01-20 09:44:04'),
(1211, '162.158.191.149', 'xgfjx', 1, 1, '2021-01-20 10:28:55', '2021-01-20 10:28:55'),
(1212, '141.101.69.174', 'Vijay', 1, 1, '2021-01-20 10:54:05', '2021-01-20 10:54:05'),
(1213, '172.68.167.103', 'xgfjx', 1, 1, '2021-01-20 11:48:08', '2021-01-20 11:48:08'),
(1214, '162.158.191.148', 'xgfjx', 1, 1, '2021-01-20 13:40:19', '2021-01-20 13:40:19'),
(1215, '172.68.167.85', 'nameera', 1, 1, '2021-01-20 21:28:46', '2021-01-20 21:28:46'),
(1216, '162.158.191.149', 'Praneeth', 1, 1, '2021-01-21 20:26:54', '2021-01-21 20:26:54'),
(1217, '162.158.227.129', 'Praneeth', 1, 1, '2021-01-21 20:46:13', '2021-01-21 20:46:13'),
(1218, '162.158.49.53', 'Praneeth', 1, 1, '2021-01-21 20:54:17', '2021-01-21 20:54:17'),
(1219, '162.158.191.137', 'Praneeth', 1, 1, '2021-01-21 20:54:23', '2021-01-21 20:54:23'),
(1220, '162.158.49.48', 'Praneeth', 1, 1, '2021-01-21 21:24:00', '2021-01-21 21:24:00'),
(1221, '162.158.49.49', 'Praneeth', 1, 1, '2021-01-21 21:32:54', '2021-01-21 21:32:54'),
(1222, '172.68.2.25', 'Praneeth', 1, 1, '2021-01-21 22:31:01', '2021-01-21 22:31:01'),
(1223, '162.158.191.165', 'Praneeth', 1, 1, '2021-01-21 23:08:00', '2021-01-21 23:08:00'),
(1224, '162.158.49.49', 'Naveen', 1, 1, '2021-01-22 08:48:58', '2021-01-22 08:48:58'),
(1225, '162.158.227.119', 'Praneeth', 1, 1, '2021-01-22 11:51:36', '2021-01-22 11:51:36'),
(1226, '162.158.49.13', 'Praneeth', 1, 1, '2021-01-22 18:14:39', '2021-01-22 18:14:39'),
(1227, '172.68.167.74', 'divyanjali', 3, 1, '2021-01-23 15:35:49', '2021-01-23 15:35:49'),
(1228, '172.68.167.85', 'Lavanya', 1, 1, '2021-01-25 20:31:40', '2021-01-25 20:31:40'),
(1229, '162.158.49.39', 'chandana', 1, 1, '2021-01-25 21:00:16', '2021-01-25 21:00:16'),
(1230, '172.68.167.19', 'lavanya', 1, 1, '2021-01-25 22:04:46', '2021-01-25 22:04:46'),
(1231, '162.158.49.25', 'Gayathri', 1, 1, '2021-01-25 22:09:53', '2021-01-25 22:09:53'),
(1232, '172.68.167.19', 'd3', 1, 1, '2021-01-25 22:10:08', '2021-01-25 22:10:08'),
(1233, '172.68.167.86', 'xgfjx', 1, 1, '2021-01-25 22:20:54', '2021-01-25 22:20:54'),
(1234, '162.158.49.53', 'Harsha', 1, 1, '2021-01-25 22:33:04', '2021-01-25 22:33:04'),
(1235, '172.68.167.103', 'Praneeth', 1, 1, '2021-01-25 23:04:21', '2021-01-25 23:04:21'),
(1236, '172.68.167.13', 'Yerra Yamini', 1, 1, '2021-01-25 23:59:47', '2021-01-25 23:59:47'),
(1237, '162.158.22.5', 'Sushmitha', 1, 1, '2021-01-26 08:38:38', '2021-01-26 08:38:38'),
(1238, '162.158.158.248', 'Vijay', 1, 1, '2021-01-26 09:11:40', '2021-01-26 09:11:40'),
(1239, '172.68.167.91', 'Gd', 1, 1, '2021-01-26 10:17:10', '2021-01-26 10:17:10'),
(1240, '172.68.167.20', 'Omar', 1, 1, '2021-01-26 10:31:06', '2021-01-26 10:31:06'),
(1241, '162.158.49.13', 'Dheeraj', 1, 1, '2021-01-26 13:15:21', '2021-01-26 13:15:21'),
(1242, '162.158.191.149', 'Dheeraj', 1, 4, '2021-01-26 13:44:58', '2021-01-26 13:44:58'),
(1243, '162.158.159.53', 'Vijay', 1, 1, '2021-01-27 08:34:12', '2021-01-27 08:34:12'),
(1244, '162.158.159.27', 'Xyz', 1, 1, '2021-01-27 08:43:18', '2021-01-27 08:43:18'),
(1245, '162.158.49.13', 'Naveen', 1, 1, '2021-01-27 08:45:07', '2021-01-27 08:45:07'),
(1246, '162.158.158.148', 'R', 1, 1, '2021-01-27 08:49:31', '2021-01-27 08:49:31'),
(1247, '141.101.98.187', 'A', 1, 1, '2021-01-27 08:53:49', '2021-01-27 08:53:49'),
(1248, '172.68.167.85', 'Rahul', 1, 1, '2021-01-27 09:35:19', '2021-01-27 09:35:19'),
(1249, '172.68.167.85', 'Omar', 1, 1, '2021-01-28 14:38:15', '2021-01-28 14:38:15'),
(1250, '172.68.167.85', 'Omar', 1, 1, '2021-01-28 14:38:15', '2021-01-28 14:38:15'),
(1251, '172.68.167.86', 'Omar', 1, 1, '2021-01-28 14:38:15', '2021-01-28 14:38:15'),
(1252, '172.68.167.85', 'Raju', 1, 1, '2021-01-28 14:38:26', '2021-01-28 14:38:26'),
(1253, '162.158.49.13', '168r1a0556', 1, 1, '2021-01-29 08:11:35', '2021-01-29 08:11:35'),
(1254, '162.158.166.78', 'Sujith', 1, 1, '2021-01-29 08:13:19', '2021-01-29 08:13:19'),
(1255, '162.158.167.7', 'xgfjx', 1, 1, '2021-01-30 20:16:46', '2021-01-30 20:16:46'),
(1256, '162.158.165.171', '168r1a0546', 1, 1, '2021-01-31 16:34:37', '2021-01-31 16:34:37'),
(1257, '162.158.155.89', '168R1A0546', 1, 1, '2021-01-31 17:20:58', '2021-01-31 17:20:58'),
(1258, '172.69.135.235', 'xgfjx', 1, 1, '2021-02-01 10:45:08', '2021-02-01 10:45:08'),
(1259, '172.69.135.25', 'Omar', 1, 1, '2021-02-04 12:07:50', '2021-02-04 12:07:50'),
(1260, '162.158.167.35', 'Omar', 1, 1, '2021-02-04 14:41:40', '2021-02-04 14:41:40'),
(1261, '162.158.167.35', 'xgfjx', 1, 1, '2021-02-04 19:07:22', '2021-02-04 19:07:22'),
(1262, '162.158.165.183', 'Dheeraj', 1, 4, '2021-02-12 23:51:18', '2021-02-12 23:51:18'),
(1263, '162.158.166.197', 'Jammula David', 1, 1, '2021-02-13 09:44:10', '2021-02-13 09:44:10'),
(1264, '172.68.167.19', 'Manish kumar', 1, 1, '2021-02-13 09:47:07', '2021-02-13 09:47:07'),
(1265, '162.158.165.79', 'Jammula David', 1, 1, '2021-02-13 10:11:56', '2021-02-13 10:11:56'),
(1266, '162.158.167.147', 'Naveen', 1, 1, '2021-02-13 10:49:18', '2021-02-13 10:49:18'),
(1267, '162.158.167.35', 'Rahul', 1, 1, '2021-02-18 14:12:02', '2021-02-18 14:12:02'),
(1268, '172.68.167.91', 'test3', 1, 1, '2021-02-20 18:13:33', '2021-02-20 18:13:33'),
(1269, '172.68.167.91', 'r', 1, 1, '2021-02-20 18:17:02', '2021-02-20 18:17:02'),
(1270, '172.68.167.91', 'y', 1, 1, '2021-02-20 18:43:48', '2021-02-20 18:43:48'),
(1271, '172.68.167.103', 'h', 1, 1, '2021-02-20 19:46:51', '2021-02-20 19:46:51'),
(1272, '162.158.166.250', 'A. HARSHA', 1, 1, '2021-03-05 21:51:17', '2021-03-05 21:51:17'),
(1273, '172.69.134.132', 'Upendra', 1, 1, '2021-03-05 21:58:17', '2021-03-05 21:58:17'),
(1274, '162.158.165.139', 'pendli Raghu Varan', 1, 2, '2021-03-05 21:58:57', '2021-03-05 21:58:57'),
(1275, '172.69.134.30', 'Upendra', 1, 5, '2021-03-05 21:59:44', '2021-03-05 21:59:44'),
(1276, '162.158.166.202', 'pendli Raghu Varan', 1, 1, '2021-03-05 22:17:02', '2021-03-05 22:17:02'),
(1277, '172.68.167.103', 'xyz', 1, 1, '2021-03-06 11:43:41', '2021-03-06 11:43:41'),
(1278, '172.68.167.85', 'asd', 1, 1, '2021-03-06 21:12:09', '2021-03-06 21:12:09'),
(1279, '172.68.167.85', 'www', 1, 1, '2021-03-06 21:15:27', '2021-03-06 21:15:27'),
(1280, '162.158.191.165', 'xgfjx', 1, 1, '2021-03-11 07:43:14', '2021-03-11 07:43:14'),
(1281, '162.158.191.137', 'xgfjx', 1, 1, '2021-03-11 08:10:18', '2021-03-11 08:10:18'),
(1282, '162.158.165.19', 'w', 1, 1, '2021-03-18 19:17:29', '2021-03-18 19:17:29'),
(1283, '162.158.165.177', 'Haha', 1, 1, '2021-03-26 16:10:12', '2021-03-26 16:10:12'),
(1284, '141.101.99.178', 'bmn', 1, 1, '2021-03-31 08:35:52', '2021-03-31 08:35:52'),
(1285, '162.158.155.137', 'pppp', 1, 1, '2021-03-31 08:37:37', '2021-03-31 08:37:37'),
(1286, '162.158.166.208', 'Raghu', 1, 1, '2021-04-03 18:04:32', '2021-04-03 18:04:32'),
(1287, '162.158.167.213', 'Raghu', 1, 1, '2021-04-04 06:00:23', '2021-04-04 06:00:23'),
(1288, '162.158.167.101', 'Raghu', 1, 1, '2021-04-04 07:23:17', '2021-04-04 07:23:17'),
(1289, '172.68.167.19', 'Gg', 1, 1, '2021-04-04 20:21:08', '2021-04-04 20:21:08'),
(1290, '172.68.167.19', 'Sai', 1, 1, '2021-04-06 13:24:55', '2021-04-06 13:24:55'),
(1291, '162.158.167.197', 'Divya', 1, 1, '2021-04-08 21:45:52', '2021-04-08 21:45:52'),
(1292, '162.158.166.54', 'Pachange Divya', 1, 1, '2021-04-08 22:01:18', '2021-04-08 22:01:18'),
(1293, '162.158.166.238', 'Kavitha', 1, 1, '2021-04-09 13:16:08', '2021-04-09 13:16:08'),
(1294, '162.158.165.197', 'Raghu', 1, 1, '2021-04-10 16:10:48', '2021-04-10 16:10:48'),
(1295, '172.68.144.10', 'Raghu', 1, 1, '2021-04-10 16:21:57', '2021-04-10 16:21:57'),
(1296, '172.68.167.85', 'mac', 1, 1, '2021-04-12 12:43:06', '2021-04-12 12:43:06'),
(1297, '172.68.167.91', 'Pavithra', 1, 1, '2021-04-12 13:42:22', '2021-04-12 13:42:22'),
(1298, '172.68.155.169', 'f b df', 1, 1, '2021-04-16 09:27:01', '2021-04-16 09:27:01'),
(1299, '172.68.167.91', 'j', 1, 1, '2021-04-19 15:49:06', '2021-04-19 15:49:06'),
(1300, '172.68.167.85', 'j', 1, 1, '2021-04-19 15:50:46', '2021-04-19 15:50:46'),
(1301, '172.68.167.19', 'y', 1, 1, '2021-04-19 17:57:50', '2021-04-19 17:57:50'),
(1302, '172.68.167.103', 'testga', 1, 1, '2021-04-19 18:01:04', '2021-04-19 18:01:04'),
(1303, '172.68.167.91', 'testga', 1, 1, '2021-04-19 18:03:37', '2021-04-19 18:03:37'),
(1304, '172.68.167.103', 'y', 1, 1, '2021-04-19 18:08:34', '2021-04-19 18:08:34'),
(1305, '172.68.167.103', 'k', 1, 1, '2021-04-19 21:35:59', '2021-04-19 21:35:59'),
(1306, '172.70.38.59', 'k', 1, 1, '2021-04-20 03:28:22', '2021-04-20 03:28:22'),
(1307, '172.70.34.89', 'k', 1, 1, '2021-04-20 03:28:26', '2021-04-20 03:28:26'),
(1308, '172.68.167.85', 'mohammed omar', 1, 1, '2021-04-20 03:36:03', '2021-04-20 03:36:03'),
(1309, '172.68.167.103', 'mohammed omar', 1, 1, '2021-04-20 03:39:39', '2021-04-20 03:39:39'),
(1310, '172.68.167.110', 'g', 1, 1, '2021-04-23 20:23:37', '2021-04-23 20:23:37'),
(1311, '172.68.155.162', 'T', 1, 1, '2021-04-24 23:55:47', '2021-04-24 23:55:47'),
(1312, '162.158.227.82', 'Sai', 1, 1, '2021-04-26 10:35:21', '2021-04-26 10:35:21'),
(1313, '162.158.227.166', 'Sai', 1, 1, '2021-04-26 11:04:10', '2021-04-26 11:04:10'),
(1314, '172.68.167.110', 'Sravanti', 1, 1, '2021-04-26 11:28:55', '2021-04-26 11:28:55'),
(1315, '172.68.155.148', 'stt', 1, 1, '2021-05-05 21:58:08', '2021-05-05 21:58:08'),
(1316, '172.68.155.152', 'S', 1, 1, '2021-05-06 14:16:20', '2021-05-06 14:16:20'),
(1317, '172.70.49.202', 'Sukumar', 1, 1, '2021-05-07 12:10:07', '2021-05-07 12:10:07'),
(1318, '162.158.5.166', 'xgfjx', 1, 1, '2021-05-10 13:43:54', '2021-05-10 13:43:54'),
(1319, '172.68.167.85', 'xz', 1, 1, '2021-05-21 20:33:03', '2021-05-21 20:33:03'),
(1320, '162.158.167.239', 'H', 2, 2, '2021-05-22 19:05:05', '2021-05-22 19:05:05'),
(1321, '162.158.167.137', 'G', 2, 4, '2021-05-22 19:06:58', '2021-05-22 19:06:58'),
(1322, '162.158.167.137', 'A', 3, 4, '2021-05-22 19:07:21', '2021-05-22 19:07:21'),
(1323, '172.69.135.97', 'G', 3, 5, '2021-05-22 19:08:34', '2021-05-22 19:08:34'),
(1324, '172.68.167.91', 'D Mithusri', 1, 4, '2021-05-22 19:22:19', '2021-05-22 19:22:19'),
(1325, '162.158.235.228', 'krishna', 1, 1, '2021-05-22 19:31:49', '2021-05-22 19:31:49'),
(1326, '172.69.135.215', 'Sreenidhi', 1, 1, '2021-05-22 19:54:40', '2021-05-22 19:54:40'),
(1327, '162.158.166.46', 'Sreenidhi', 1, 1, '2021-05-22 19:56:06', '2021-05-22 19:56:06'),
(1328, '172.68.155.169', 'Sai', 1, 1, '2021-05-22 23:14:03', '2021-05-22 23:14:03'),
(1329, '172.68.167.91', 'q', 1, 2, '2021-05-23 20:02:48', '2021-05-23 20:02:48');

--
-- Indexes for dumped tables
--

--
-- Indexes for table `branches`
--
ALTER TABLE `branches`
  ADD PRIMARY KEY (`id`);

--
-- Indexes for table `failed_jobs`
--
ALTER TABLE `failed_jobs`
  ADD PRIMARY KEY (`id`);

--
-- Indexes for table `feedback`
--
ALTER TABLE `feedback`
  ADD PRIMARY KEY (`id`);

--
-- Indexes for table `marks_data`
--
ALTER TABLE `marks_data`
  ADD PRIMARY KEY (`id`),
  ADD KEY `marks_data_subject_id_foreign` (`subject_id`),
  ADD KEY `marks_data_user_id_foreign` (`user_id`);

--
-- Indexes for table `migrations`
--
ALTER TABLE `migrations`
  ADD PRIMARY KEY (`id`);

--
-- Indexes for table `password_resets`
--
ALTER TABLE `password_resets`
  ADD KEY `password_resets_email_index` (`email`(250));

--
-- Indexes for table `regulations`
--
ALTER TABLE `regulations`
  ADD PRIMARY KEY (`id`);

--
-- Indexes for table `subjects`
--
ALTER TABLE `subjects`
  ADD PRIMARY KEY (`id`),
  ADD KEY `subjects_regulation_id_foreign` (`regulation_id`),
  ADD KEY `subjects_branch_id_foreign` (`branch_id`);

--
-- Indexes for table `tracks`
--
ALTER TABLE `tracks`
  ADD PRIMARY KEY (`id`),
  ADD KEY `tracks_user_datas_id_foreign` (`user_datas_id`);

--
-- Indexes for table `users`
--
ALTER TABLE `users`
  ADD PRIMARY KEY (`id`);

--
-- Indexes for table `user_datas`
--
ALTER TABLE `user_datas`
  ADD PRIMARY KEY (`id`);

--
-- AUTO_INCREMENT for dumped tables
--

--
-- AUTO_INCREMENT for table `branches`
--
ALTER TABLE `branches`
  MODIFY `id` bigint(20) UNSIGNED NOT NULL AUTO_INCREMENT, AUTO_INCREMENT=6;

--
-- AUTO_INCREMENT for table `failed_jobs`
--
ALTER TABLE `failed_jobs`
  MODIFY `id` bigint(20) UNSIGNED NOT NULL AUTO_INCREMENT;

--
-- AUTO_INCREMENT for table `feedback`
--
ALTER TABLE `feedback`
  MODIFY `id` bigint(20) UNSIGNED NOT NULL AUTO_INCREMENT, AUTO_INCREMENT=2;

--
-- AUTO_INCREMENT for table `marks_data`
--
ALTER TABLE `marks_data`
  MODIFY `id` bigint(20) UNSIGNED NOT NULL AUTO_INCREMENT, AUTO_INCREMENT=1537;

--
-- AUTO_INCREMENT for table `migrations`
--
ALTER TABLE `migrations`
  MODIFY `id` int(10) UNSIGNED NOT NULL AUTO_INCREMENT, AUTO_INCREMENT=9;

--
-- AUTO_INCREMENT for table `regulations`
--
ALTER TABLE `regulations`
  MODIFY `id` bigint(20) UNSIGNED NOT NULL AUTO_INCREMENT, AUTO_INCREMENT=4;

--
-- AUTO_INCREMENT for table `subjects`
--
ALTER TABLE `subjects`
  MODIFY `id` bigint(20) UNSIGNED NOT NULL AUTO_INCREMENT, AUTO_INCREMENT=219;

--
-- AUTO_INCREMENT for table `tracks`
--
ALTER TABLE `tracks`
  MODIFY `id` bigint(20) UNSIGNED NOT NULL AUTO_INCREMENT, AUTO_INCREMENT=7;

--
-- AUTO_INCREMENT for table `users`
--
ALTER TABLE `users`
  MODIFY `id` bigint(20) UNSIGNED NOT NULL AUTO_INCREMENT, AUTO_INCREMENT=42;

--
-- AUTO_INCREMENT for table `user_datas`
--
ALTER TABLE `user_datas`
  MODIFY `id` bigint(20) UNSIGNED NOT NULL AUTO_INCREMENT, AUTO_INCREMENT=1330;
COMMIT;

/*!40101 SET CHARACTER_SET_CLIENT=@OLD_CHARACTER_SET_CLIENT */;
/*!40101 SET CHARACTER_SET_RESULTS=@OLD_CHARACTER_SET_RESULTS */;
/*!40101 SET COLLATION_CONNECTION=@OLD_COLLATION_CONNECTION */;
